Workbook

Sheet Nifty50 PE Analysis
A1: Year | B1: Jan | C1: Feb | D1: Mar | E1: Apr | F1: May | G1: Jun | H1: Jul | I1: Aug | J1: Sep | K1: Oct | L1: Nov | M1: Dec
A2: 2000 | B2: 26.16 | C2: 27.12 | D2: 25.69 | E2: 22.81 | F2: 20.33 | G2: 23.68 | H2: 22.33 | I2: 20.53 | J2: 20.84 | K2: 18.22 | L2: 18.77 | M2: 19.59 | O2: {=SUM(B2:M2/12)} -> 22.1725
A3: 2001 | B3: 20.75 | C3: 21.32 | D3: 18.2 | E3: 16.08 | F3: 15.74 | G3: 15.37 | H3: 15.32 | I3: 15.23 | J3: 13.65 | K3: 13.76 | L3: 14.86 | M3: 15.59 | O3: {=SUM(B3:M3/12)} -> 16.3225
A4: 2002 | B4: 16.42 | C4: 18.32 | D4: 18.59 | E4: 18.02 | F4: 17.44 | G4: 16.28 | H4: 15.39 | I4: 14.54 | J4: 14.69 | K4: 14.25 | L4: 14.55 | M4: 14.57 | O4: {=SUM(B4:M4/12)} -> 16.088333 | P4: 17.09
A5: 2003 | B5: 14.56 | C5: 14.32 | D5: 13.85 | E5: 13.2 | F5: 11.15 | G5: 12.2 | H5: 12.5 | I5: 13.89 | J5: 15.09 | K5: 16.6 | L5: 17.42 | M5: 19.19 | O5: {=SUM(B5:M5/12)} -> 14.4975
A6: 2004 | B6: 21.02 | C6: 20.32 | D6: 20.78 | E6: 19.91 | F6: 14.86 | G6: 12.18 | H6: 13.08 | I6: 13.5 | J6: 14.14 | K6: 15 | L6: 15.67 | M6: 16.04 | O6: {=SUM(B6:M6/12)} -> 16.375
A7: 2005 | B7: 14.41 | C7: 14.4 | D7: 14.98 | E7: 14.16 | F7: 13.77 | G7: 14.01 | H7: 14.31 | I7: 14.61 | J7: 15.58 | K7: 15.26 | L7: 15.47 | M7: 16.72 | O7: {=SUM(B7:M7/12)} -> 14.806667
A8: 2006 | B8: 17.27 | C8: 17.97 | D8: 19.25 | E8: 20.59 | F8: 19.53 | G8: 16.65 | H8: 17.95 | I8: 18.55 | J8: 20.09 | K8: 20.92 | L8: 20.72 | M8: 20.95 | O8: {=SUM(B8:M8/12)} -> 19.203333
A9: 2007 | B9: 21.24 | C9: 19.64 | D9: 17.95 | E9: 19.28 | F9: 19.74 | G9: 20.08 | H9: 21.3 | I9: 19.47 | J9: 21.05 | K9: 24.59 | L9: 25.15 | M9: 26.55 | O9: {=SUM(B9:M9/12)} -> 21.336667 | P9: 18.51
A10: 2008 | B10: 25.33 | C10: 22.19 | D10: 20.58 | E10: 21.26 | F10: 21.46 | G10: 19.04 | H10: 17.56 | I10: 18.63 | J10: 17.98 | K10: 13.77 | L10: 12.42 | M10: 12.69 | O10: {=SUM(B10:M10/12)} -> 18.575833
A11: 2009 | B11: 12.73 | C11: 13.38 | D11: 13.3 | E11: 15.89 | F11: 18.67 | G11: 20.16 | H11: 19.83 | I11: 20.5 | J11: 21.86 | K11: 22.34 | L11: 21.91 | M11: 22.7 | O11: {=SUM(B11:M11/12)} -> 18.605833
A12: 2010 | B12: 22.84 | C12: 20.72 | D12: 22.03 | E12: 22.76 | F12: 21.2 | G12: 21.73 | H12: 22.42 | I12: 22.95 | J12: 24.51 | K12: 25.23 | L12: 24.39 | M12: 23.82 | O12: {=SUM(B12:M12/12)} -> 22.883333
A13: 2011 | B13: 22.84 | C13: 20.67 | D13: 21.16 | E13: 22.02 | F13: 20.37 | G13: 20.2 | H13: 20.49 | I13: 18.29 | J13: 18.11 | K13: 18.15 | L13: 18.11 | M13: 17.32 | O13: {=SUM(B13:M13/12)} -> 19.810833
A14: 2012 | B14: 17.71 | C14: 19.09 | D14: 18.74 | E14: 18.46 | F14: 16.97 | G14: 16.89 | H14: 17.22 | I14: 17.67 | J14: 18.42 | K14: 18.95 | L14: 18.14 | M14: 18.63 | O14: {=SUM(B14:M14/12)} -> 18.074167 | P14: 19.68
A15: 2013 | B15: 18.87 | C15: 18.26 | D15: 17.89 | E15: 17.4 | F15: 18.13 | G15: 17.49 | H15: 17.88 | I15: 16.12 | J15: 16.83 | K15: 17.72 | L15: 17.8 | M15: 18.56 | O15: {=SUM(B15:M15/12)} -> 17.745833
A16: 2014 | B16: 18.29 | C16: 17.37 | D16: 18.33 | E16: 18.99 | F16: 19.62 | G16: 20.57 | H16: 20.66 | I16: 20.42 | J16: 21.2 | K16: 20.65 | L16: 21.5 | M16: 21.23 | O16: {=SUM(B16:M16/12)} -> 19.9025
A17: 2015 | B17: 21.73 | C17: 23.09 | D17: 23.21 | E17: 22.88 | F17: 22.4 | G17: 22.7 | H17: 23.49 | I17: 22.99 | J17: 21.69 | K17: 22.48 | L17: 21.36 | M17: 21.1 | O17: {=SUM(B17:M17/12)} -> 22.426667
A18: 2016 | B18: 20.34 | C18: 19.34 | D18: 20.39 | E18: 21.29 | F18: 21.51 | G18: 22.52 | H18: 23.33 | I18: 23.65 | J18: 24.08 | K18: 23.35 | L18: 21.99 | M18: 21.49 | O18: {=SUM(B18:M18/12)} -> 21.94
A19: 2017 | B19: 22.44 | C19: 23.23 | D19: 23.47 | E19: 23.37 | F19: 24.25 | G19: 24.31 | H19: 25.1 | I19: 25.37 | J19: 25.99 | K19: 26.26 | L19: 26.35 | M19: 26.42 | O19: {=SUM(B19:M19/12)} -> 24.713333 | P19: 24.64
A20: 2018 | B20: 27.24 | C20: 25.61 | D20: 24.97 | E20: 26 | F20: 26.58 | G20: 26.77 | H20: 27.19 | I20: 28.22 | J20: 27.46 | K20: 25.05 | L20: 25.59 | M20: 26.07 | O20: {=SUM(B20:M20/12)} -> 26.395833
A21: 2019 | B21: 26.08 | C21: 26.66 | D21: 27.76 | E21: 29.12 | F21: 28.88 | G21: 29.25 | H21: 28.28 | I21: 27.12 | J21: 26.93 | K21: 26.51 | L21: 27.67 | M21: 28.18 | O21: {=SUM(B21:M21/12)} -> 27.703333
A22: 2020 | B22: 27.96 | C22: 26.92 | D22: 21.38 | E22: 20.38 | F22: 21.24 | G22: 24.7 | H22: 28.6 | I22: 31.59 | J22: 32.55 | K22: 33.99 | L22: 34.34 | M22: 37.26 | O22: {=SUM(B22:M22/12)} -> 28.409167 | Q22: 24.44
A23: 2021 | B23: 38.9 | C23: 40.8 | D23: 40.43 | E23: 32.73 | F23: 29.27 | G23: 29.08 | H23: 28.11 | I23: 26.11 | J23: 26.98 | K23: 27.31 | L23: 23.43 | M23: 23.69 | O23: {=SUM(B23:M23/12)} -> 30.57
A24: 2022 | B24: 23.42 | C24: 22.54 | D24: 21.7 | E24: 22.7 | F24: 20.32 | G24: 19.5 | H24: 20.73 | I24: 21.2 | J24: 20.64 | K24: 21 | L24: 21.9 | M24: 22 | O24: {=SUM(B24:M24/12)} -> 21.470833 | P24: 25.26
A25: 2023 | B25: 21.49 | C25: 20.89 | D25: 20.29 | E25: 20.7 | F25: 21..56 | G25: 21.8 | H25: 23.35 | I25: 22.43 | J25: 22.39 | K25: 21.74 | L25: 21 | M25: 22.61 | O25: =SUM(B26:M26)/12 -> 22.679167
A26: 2024 | B26: 22.86 | C26: 22.66 | D26: 22.52 | E26: 23 | F26: 21.56 | G26: 22.18 | H26: 23.22 | I26: 22.86 | J26: 24.26 | K26: 23.24 | L26: 21.49 | M26: 22.3 | O26: {=SUM(B26:M26/12)} -> 22.679167
A27: 2025 | B27: 21.43 | C27: 20.69 | D27: 20.33 | E27: 21.34 | F27: 22.18 | G27: 22.57
B29: =SUM(B2:B27)/26 -> 21.705 | C29: =SUM(C2:C27)/26 -> 21.443077 | D29: =SUM(D2:D27)/26 -> 21.068077 | E29: =SUM(E2:E27)/26 -> 20.936154 | F29: =SUM(F2:F27)/26 -> 19.506538 | G29: =SUM(G2:G27)/26 -> 20.458077 | H29: =SUM(H2:H27)/25 -> 20.7856 | I29: =SUM(I2:I27)/25 -> 20.6576 | J29: =SUM(J2:J27)/25 -> 21.0804 | K29: =SUM(K2:K27)/25 -> 21.0536 | L29: =SUM(L2:L27)/25 -> 20.88 | M29: =SUM(M2:M27)/25 -> 21.4108 | N29: =SUM(B29:M29)/12 -> 20.91541 | O29: 21.02

Sheet EVI 2025
A1: S.no | B1: Date | C1: Market Cap | D1: US $ | E1: USD/INR | F1: Trillion | G1: Market Cap to GDP | H1: BEER | I1: Nifty 50 Earning Yield | J1: NIFTY 50 EPS | K1: India 10Yr Yield | L1: Nifty 50 | M1: Price to Book | N1: Equity Earnings Yield vs 10 Year G Sec Yield Gap | O1: Nifty 50 pe | P1: US 10yr Bond | Q1: India yr- US 10yr | R1: Dollar index | S1: PREITY Ratio | T1: 91 day T Bill | U1: Nifty Midcap 150 | V1: Midcap 150 PE | W1: Midcap EPS | X1: Midcap Earning Yield | Y1: Nifty Smallcap 250 | Z1: Smallcap 250 PE | AA1: Smallcap EPS | AB1: Smallcap Earning Yield | AC1: Updated: | AD1: 46108
A2: 1 | B2: 44564 | C2: 26941905 | D2: =C2/E2 -> 362122.38 | E2: 74.4 | F2: =D2/100000 -> 3.6212238 | G2: =(F2/DataSheet!$C$9*100) -> 114.33265 | H2: =K2/I2 -> 1.582054 | I2: =(J2/L2)*100 -> 4.0832993 | J2: =L2/O2 -> 719.71009 | K2: 6.46 | L2: 17625.7 | M2: 4.44 | N2: =K2-I2 -> 2.3767007 | O2: 24.49 | P2: 1.637 | Q2: =K2-P2 -> 4.823 | R2: 96.211 | S2: =(O2*T2) -> 87.9191 | T2: 3.59 | U2: 11673.45 | V2: 30.88 | W2: =U2/V2 -> 378.02623 | X2: =(W2/U2)*100 -> 3.238342 | Y2: 9966.35 | Z2: 31.44 | AA2: =Y2/Z2 -> 316.99587 | AB2: =(AA2/Y2)*100 -> 3.1806616
A3: 2 | B3: 44565 | C3: 27136807 | D3: =C3/E3 -> 364105.82 | E3: 74.53 | F3: =D3/100000 -> 3.6410582 | G3: =(F3/DataSheet!$C$9*100) -> 114.95888 | H3: =K3/I3 -> 1.6125532 | I3: =(J3/L3)*100 -> 4.0420372 | J3: =L3/O3 -> 719.69483 | K3: 6.518 | L3: 17805.25 | M3: 4.49 | N3: =K3-I3 -> 2.4759628 | O3: 24.74 | P3: 1.649 | Q3: =K3-P3 -> 4.869 | R3: 96.274 | S3: =(O3*T3) -> 89.064 | T3: 3.6 | U3: 11702.1 | V3: 30.96 | W3: =U3/V3 -> 377.97481 | X3: =(W3/U3)*100 -> 3.2299742 | Y3: 10018.45 | Z3: 31.61 | AA3: =Y3/Z3 -> 316.93926 | AB3: =(AA3/Y3)*100 -> 3.1635558
A4: 3 | B4: 44566 | C4: 27008660 | D4: =C4/E4 -> 363581.61 | E4: 74.285 | F4: =D4/100000 -> 3.6358161 | G4: =(F4/DataSheet!$C$9*100) -> 114.79337 | H4: =K4/I4 -> 1.6211428 | I4: =(J4/L4)*100 -> 4.014452 | J4: =L4/O4 -> 719.60056 | K4: 6.508 | L4: 17925.25 | M4: 4.52 | N4: =K4-I4 -> 2.493548 | O4: 24.91 | P4: 1.7 | Q4: =K4-P4 -> 4.808 | R4: 96.182 | S4: =(O4*T4) -> 89.1778 | T4: 3.58 | U4: 11705.05 | V4: 30.97 | W4: =U4/V4 -> 377.94801 | X4: =(W4/U4)*100 -> 3.2289312 | Y4: 10024.3 | Z4: 31.62 | AA4: =Y4/Z4 -> 317.02404 | AB4: =(AA4/Y4)*100 -> 3.1625553
A5: 4 | B5: 44567 | C5: 27117001 | D5: =C5/E5 -> 364549.32 | E5: 74.385 | F5: =D5/100000 -> 3.6454932 | G5: =(F5/DataSheet!$C$9*100) -> 115.09891 | H5: =K5/I5 -> 1.609065 | I5: =(J5/L5)*100 -> 4.05515 | J5: =L5/O5 -> 719.62287 | K5: 6.525 | L5: 17745.9 | M5: 4.47 | N5: =K5-I5 -> 2.46985 | O5: 24.66 | P5: 1.728 | Q5: =K5-P5 -> 4.797 | R5: 96.326 | S5: =(O5*T5) -> 88.0362 | T5: 3.57 | U5: 11698.7 | V5: 30.95 | W5: =U5/V5 -> 377.98708 | X5: =(W5/U5)*100 -> 3.2310178 | Y5: 10034.95 | Z5: 31.66 | AA5: =Y5/Z5 -> 316.95989 | AB5: =(AA5/Y5)*100 -> 3.1585597
A6: 5 | B6: 44568 | C6: 27237049 | D6: =C6/E6 -> 366690.67 | E6: 74.278 | F6: =D6/100000 -> 3.6669067 | G6: =(F6/DataSheet!$C$9*100) -> 115.77499 | H6: =K6/I6 -> 1.619145 | I6: =(J6/L6)*100 -> 4.040404 | J6: =L6/O6 -> 719.70505 | K6: 6.542 | L6: 17812.7 | M6: 4.49 | N6: =K6-I6 -> 2.501596 | O6: 24.75 | P6: 1.765 | Q6: =K6-P6 -> 4.777 | R6: 95.722 | S6: =(O6*T6) -> 89.1 | T6: 3.6 | U6: 11741.95 | V6: 31.06 | W6: =U6/V6 -> 378.04089 | X6: =(W6/U6)*100 -> 3.219575 | Y6: 10076.6 | Z6: 31.79 | AA6: =Y6/Z6 -> 316.97389 | AB6: =(AA6/Y6)*100 -> 3.1456433
A7: 6 | B7: 44571 | C7: 27464164 | D7: =C7/E7 -> 371012 | E7: 74.025 | F7: =D7/100000 -> 3.71012 | G7: =(F7/DataSheet!$C$9*100) -> 117.13937 | H7: =K7/I7 -> 1.648159 | I7: =(J7/L7)*100 -> 3.9984006 | J7: =L7/O7 -> 719.84406 | K7: 6.59 | L7: 18003.3 | M7: 4.54 | N7: =K7-I7 -> 2.5915994 | O7: 25.01 | P7: 1.755 | Q7: =K7-P7 -> 4.835 | R7: 95.99 | S7: =(O7*T7) -> 89.7859 | T7: 3.59 | U7: 11820.4 | V7: 31.27 | W7: =U7/V7 -> 378.01087 | X7: =(W7/U7)*100 -> 3.1979533 | Y7: 10218.3 | Z7: 32.28 | AA7: =Y7/Z7 -> 316.55204 | AB7: =(AA7/Y7)*100 -> 3.0978934
A8: 7 | B8: 44572 | C8: 27523206 | D8: =C8/E8 -> 372857.28 | E8: 73.817 | F8: =D8/100000 -> 3.7285728 | G8: =(F8/DataSheet!$C$9*100) -> 117.72197 | H8: =K8/I8 -> 1.648413 | I8: =(J8/L8)*100 -> 3.9856517 | J8: =L8/O8 -> 719.6393 | K8: 6.57 | L8: 18055.75 | M8: 4.55 | N8: =K8-I8 -> 2.5843483 | O8: 25.09 | P8: 1.746 | Q8: =K8-P8 -> 4.824 | R8: 95.625 | S8: =(O8*T8) -> 89.8222 | T8: 3.58 | U8: 11839.3 | V8: 31.32 | W8: =U8/V8 -> 378.01086 | X8: =(W8/U8)*100 -> 3.192848 | Y8: 10228.8 | Z8: 32.31 | AA8: =Y8/Z8 -> 316.5831 | AB8: =(AA8/Y8)*100 -> 3.095017
A9: 8 | B9: 44573 | C9: 27726856 | D9: =C9/E9 -> 375717.93 | E9: 73.797 | F9: =D9/100000 -> 3.7571793 | G9: =(F9/DataSheet!$C$9*100) -> 118.62517 | H9: =K9/I9 -> 1.668029 | I9: =(J9/L9)*100 -> 3.9525692 | J9: =L9/O9 -> 719.85573 | K9: 6.593 | L9: 18212.35 | M9: 4.59 | N9: =K9-I9 -> 2.6404308 | O9: 25.3 | P9: 1.752 | Q9: =K9-P9 -> 4.841 | R9: 94.901 | S9: =(O9*T9) -> 90.321 | T9: 3.57 | U9: 11980.05 | V9: 31.69 | W9: =U9/V9 -> 378.03881 | X9: =(W9/U9)*100 -> 3.1555696 | Y9: 10292.35 | Z9: 32.51 | AA9: =Y9/Z9 -> 316.59028 | AB9: =(AA9/Y9)*100 -> 3.0759766
A10: 9 | B10: 44574 | C10: 27818875 | D10: =C10/E10 -> 376073.04 | E10: 73.972 | F10: =D10/100000 -> 3.7607304 | G10: =(F10/DataSheet!$C$9*100) -> 118.73729 | H10: =K10/I10 -> 1.6645257 | I10: =(J10/L10)*100 -> 3.9416634 | J10: =L10/O10 -> 719.66102 | K10: 6.561 | L10: 18257.8 | M10: 4.6 | N10: =K10-I10 -> 2.6193366 | O10: 25.37 | P10: 1.701 | Q10: =K10-P10 -> 4.86 | R10: 94.775 | S10: =(O10*T10) -> 90.8246 | T10: 3.58 | U10: 12039.9 | V10: 31.85 | W10: =U10/V10 -> 378.01884 | X10: =(W10/U10)*100 -> 3.1397174 | Y10: 10352.6 | Z10: 32.64 | AA10: =Y10/Z10 -> 317.17525 | AB10: =(AA10/Y10)*100 -> 3.0637255
A11: 10 | B11: 44575 | C11: 27857090 | D11: =C11/E11 -> 375655.24 | E11: 74.156 | F11: =D11/100000 -> 3.7565524 | G11: =(F11/DataSheet!$C$9*100) -> 118.60537 | H11: =K11/I11 -> 1.665246 | I11: =(J11/L11)*100 -> 3.9525692 | J11: =L11/O11 -> 721.57115 | K11: 6.582 | L11: 18255.75 | M11: 4.6 | N11: =K11-I11 -> 2.6294308 | O11: 25.3 | P11: 1.793 | Q11: =K11-P11 -> 4.789 | R11: 95.161 | S11: =(O11*T11) -> 90.827 | T11: 3.59 | U11: 12036.1 | V11: 31.84 | W11: =U11/V11 -> 378.01822 | X11: =(W11/U11)*100 -> 3.1407035 | Y11: 10424 | Z11: 32.87 | AA11: =Y11/Z11 -> 317.12808 | AB11: =(AA11/Y11)*100 -> 3.0422878
A12: 11 | B12: 44578 | C12: 28010582 | D12: =C12/E12 -> 377221.49 | E12: 74.255 | F12: =D12/100000 -> 3.7722149 | G12: =(F12/DataSheet!$C$9*100) -> 119.09988 | H12: =K12/I12 -> 1.6835532 | I12: =(J12/L12)*100 -> 3.9416634 | J12: =L12/O12 -> 721.64367 | K12: 6.636 | L12: 18308.1 | M12: 4.61 | N12: =K12-I12 -> 2.6943366 | O12: 25.37 | P12: 1.809 | Q12: =K12-P12 -> 4.827 | R12: 95.161 | S12: =(O12*T12) -> 91.332 | T12: 3.6 | U12: 12073.15 | V12: 31.92 | W12: =U12/V12 -> 378.23152 | X12: =(W12/U12)*100 -> 3.1328321 | Y12: 10471.85 | Z12: 33.01 | AA12: =Y12/Z12 -> 317.23266 | AB12: =(AA12/Y12)*100 -> 3.029385
A13: 12 | B13: 44579 | C13: 27634598 | D13: =C13/E13 -> 370610.85 | E13: 74.565 | F13: =D13/100000 -> 3.7061085 | G13: =(F13/DataSheet!$C$9*100) -> 117.01271 | H13: =K13/I13 -> 1.65675 | I13: =(J13/L13)*100 -> 4 | J13: =L13/O13 -> 724.522 | K13: 6.627 | L13: 18113.05 | M13: 4.56 | N13: =K13-I13 -> 2.627 | O13: 25 | P13: 1.875 | Q13: =K13-P13 -> 4.752 | R13: 95.723 | S13: =(O13*T13) -> 90 | T13: 3.6 | U13: 11848.7 | V13: 31.32 | W13: =U13/V13 -> 378.31098 | X13: =(W13/U13)*100 -> 3.192848 | Y13: 10257.8 | Z13: 32.34 | AA13: =Y13/Z13 -> 317.18615 | AB13: =(AA13/Y13)*100 -> 3.0921459
... A249: 248 | B249: 44925 | C249: 28323372 | D249: =C249/E249 -> 342441.93 | E249: 82.71 | F249: =D249/100000 -> 3.4244193 | G249: =(F249/DataSheet!$C$9*100) -> 108.11896 | H249: =K249/I249 -> 1.595028 | I249: =(J249/L249)*100 -> 4.5892611 | J249: =L249/O249 -> 830.8995 | K249: 7.32 | L249: 18105.3 | M249: 4.25 | N249: =K249-I249 -> 2.7307389 | O249: 21.79 | P249: 3.87 | Q249: =K249-P249 -> 3.45 | R249: 103.26 | S249: =(O249*T249) -> 138.1486 | T249: 6.34 | U249: 11885.75 | V249: 26.12 | W249: =U249/V249 -> 455.04403 | X249: =(W249/U249)*100 -> 3.8284839 | Y249: 9481.25 | Z249: 19.04 | AA249: =Y249/Z249 -> 497.96481 | AB249: =(AA249/Y249)*100 -> 5.2521008
A250: 249 | B250: 44928 | C250: 28454959 | D250: =C250/E250 -> 343908.14 | E250: 82.74 | F250: =D250/100000 -> 3.4390814 | G250: =(F250/DataSheet!$C$10*100) -> 102.77849 | H250: =K250/I250 -> 1.60746 | I250: =(J250/L250)*100 -> 4.56621 | J250: =L250/O250 -> 830.93379 | K250: 7.34 | L250: 18197.45 | M250: 4.27 | N250: =K250-I250 -> 2.77379 | O250: 21.9 | P250: 3.87 | Q250: =K250-P250 -> 3.47 | R250: 104.41 | S250: =(O250*T250) -> 137.751 | T250: 6.29 | U250: 11970.3 | V250: 26.31 | W250: =U250/V250 -> 454.97149 | X250: =(W250/U250)*100 -> 3.8008362 | Y250: 9552.8 | Z250: 19.18 | AA250: =Y250/Z250 -> 498.06048 | AB250: =(AA250/Y250)*100 -> 5.2137643
A251: 250 | B251: 44929 | C251: 28548826 | D251: =C251/E251 -> 344917.55 | E251: 82.77 | F251: =D251/100000 -> 3.4491755 | G251: =(F251/DataSheet!$C$10*100) -> 103.08016 | H251: =K251/I251 -> 1.606008 | I251: =(J251/L251)*100 -> 4.5578851 | J251: =L251/O251 -> 831.01869 | K251: 7.32 | L251: 18232.55 | M251: 4.28 | N251: =K251-I251 -> 2.7621149 | O251: 21.94 | P251: 3.75 | Q251: =K251-P251 -> 3.57 | R251: 104.31 | S251: =(O251*T251) -> 138.222 | T251: 6.3 | U251: 11994.4 | V251: 26.36 | W251: =U251/V251 -> 455.02276 | X251: =(W251/U251)*100 -> 3.7936267 | Y251: 9566.55 | Z251: 19.21 | AA251: =Y251/Z251 -> 497.99844 | AB251: =(AA251/Y251)*100 -> 5.2056221
A252: 251 | B252: 44930 | C252: 28257666 | D252: =C252/E252 -> 341936.91 | E252: 82.64 | F252: =D252/100000 -> 3.4193691 | G252: =(F252/DataSheet!$C$10*100) -> 102.18938 | H252: =K252/I252 -> 1.589172 | I252: =(J252/L252)*100 -> 4.6061723 | J252: =L252/O252 -> 831.08936 | K252: 7.32 | L252: 18042.95 | M252: 4.23 | N252: =K252-I252 -> 2.7138277 | O252: 21.71 | P252: 3.69 | Q252: =K252-P252 -> 3.63 | R252: 104.02 | S252: =(O252*T252) -> 138.0756 | T252: 6.36 | U252: 11886.95 | V252: 26.12 | W252: =U252/V252 -> 455.08997 | X252: =(W252/U252)*100 -> 3.8284839 | Y252: 9480.9 | Z252: 19.04 | AA252: =Y252/Z252 -> 497.94643 | AB252: =(AA252/Y252)*100 -> 5.2521008
A253: 252 | B253: 44931 | C253: 28279706 | D253: =C253/E253 -> 342535.19 | E253: 82.56 | F253: =D253/100000 -> 3.4253519 | G253: =(F253/DataSheet!$C$10*100) -> 102.36818 | H253: =K253/I253 -> 1.58478 | I253: =(J253/L253)*100 -> 4.6189376 | J253: =L253/O253 -> 831.04619 | K253: 7.32 | L253: 17992.15 | M253: 4.22 | N253: =K253-I253 -> 2.7010624 | O253: 21.65 | P253: 3.72 | Q253: =K253-P253 -> 3.6 | R253: 104.82 | S253: =(O253*T253) -> 137.9105 | T253: 6.37 | U253: 11932.85 | V253: 26.22 | W253: =U253/V253 -> 455.10488 | X253: =(W253/U253)*100 -> 3.8138825 | Y253: 9479.5 | Z253: 19.03 | AA253: =Y253/Z253 -> 498.13452 | AB253: =(AA253/Y253)*100 -> 5.2548607
A254: 253 | B254: 44932 | C254: 28057696 | D254: =C254/E254 -> 341044.08 | E254: 82.27 | F254: =D254/100000 -> 3.4104408 | G254: =(F254/DataSheet!$C$10*100) -> 101.92255 | H254: =K254/I254 -> 1.583813 | I254: =(J254/L254)*100 -> 4.6533271 | J254: =L254/O254 -> 831.05863 | K254: 7.37 | L254: 17859.45 | M254: 4.19 | N254: =K254-I254 -> 2.7166729 | O254: 21.49 | P254: 3.56 | Q254: =K254-P254 -> 3.81 | R254: 103.64 | S254: =(O254*T254) -> 136.8913 | T254: 6.37 | U254: 11850.6 | V254: 26.04 | W254: =U254/V254 -> 455.09217 | X254: =(W254/U254)*100 -> 3.8402458 | Y254: 9406.75 | Z254: 18.89 | AA254: =Y254/Z254 -> 497.97512 | AB254: =(AA254/Y254)*100 -> 5.2938062
A255: 254 | B255: 44935 | C255: 28374278 | D255: =C255/E255 -> 345311.89 | E255: 82.17 | F255: =D255/100000 -> 3.4531189 | G255: =(F255/DataSheet!$C$10*100) -> 103.19801 | H255: =K255/I255 -> 1.598652 | I255: =(J255/L255)*100 -> 4.5913682 | J255: =L255/O255 -> 831.09275 | K255: 7.34 | L255: 18101.2 | M255: 4.25 | N255: =K255-I255 -> 2.7486318 | O255: 21.78 | P255: 3.52 | Q255: =K255-P255 -> 3.82 | R255: 102.73 | S255: =(O255*T255) -> 138.9564 | T255: 6.38 | U255: 11948.9 | V255: 26.26 | W255: =U255/V255 -> 455.02285 | X255: =(W255/U255)*100 -> 3.8080731 | Y255: 9444.15 | Z255: 18.96 | AA255: =Y255/Z255 -> 498.10918 | AB255: =(AA255/Y255)*100 -> 5.2742616
A256: 255 | B256: 44936 | C256: 28164222 | D256: =C256/E256 -> 345149.78 | E256: 81.6 | F256: =D256/100000 -> 3.4514978 | G256: =(F256/DataSheet!$C$10*100) -> 103.14956 | H256: =K256/I256 -> 1.576036 | I256: =(J256/L256)*100 -> 4.6382189 | J256: =L256/O256 -> 830.8975 | K256: 7.31 | L256: 17914.15 | M256: 4.2 | N256: =K256-I256 -> 2.6717811 | O256: 21.56 | P256: 3.61 | Q256: =K256-P256 -> 3.7 | R256: 102.98 | S256: =(O256*T256) -> 137.5528 | T256: 6.38 | U256: 11899.55 | V256: 26.15 | W256: =U256/V256 -> 455.04971 | X256: =(W256/U256)*100 -> 3.8240918 | Y256: 9398 | Z256: 18.87 | AA256: =Y256/Z256 -> 498.03922 | AB256: =(AA256/Y256)*100 -> 5.2994171
A257: 256 | B257: 44937 | C257: 28116864 | D257: =C257/E257 -> 344442.78 | E257: 81.63 | F257: =D257/100000 -> 3.4444278 | G257: =(F257/DataSheet!$C$10*100) -> 102.93827 | H257: =K257/I257 -> 1.568808 | I257: =(J257/L257)*100 -> 4.6468401 | J257: =L257/O257 -> 831.58457 | K257: 7.29 | L257: 17895.7 | M257: 4.2 | N257: =K257-I257 -> 2.6431599 | O257: 21.52 | P257: 3.54 | Q257: =K257-P257 -> 3.75 | R257: 102.92 | S257: =(O257*T257) -> 137.728 | T257: 6.4 | U257: 11862.85 | V257: 26.07 | W257: =U257/V257 -> 455.03836 | X257: =(W257/U257)*100 -> 3.8358266 | Y257: 9403.2 | Z257: 18.88 | AA257: =Y257/Z257 -> 498.05085 | AB257: =(AA257/Y257)*100 -> 5.2966102
A258: 257 | B258: 44938 | C258: 28079395 | D258: =C258/E258 -> 346231.75 | E258: 81.1 | F258: =D258/100000 -> 3.4623175 | G258: =(F258/DataSheet!$C$10*100) -> 103.47291 | H258: =K258/I258 -> 1.563016 | I258: =(J258/L258)*100 -> 4.6576619 | J258: =L258/O258 -> 831.77457 | K258: 7.28 | L258: 17858.2 | M258: 4.19 | N258: =K258-I258 -> 2.6223381 | O258: 21.47 | P258: 3.44 | Q258: =K258-P258 -> 3.84 | R258: 101.99 | S258: =(O258*T258) -> 137.8374 | T258: 6.42 | U258: 11836.4 | V258: 26.01 | W258: =U258/V258 -> 455.07113 | X258: =(W258/U258)*100 -> 3.8446751 | Y258: 9409.4 | Z258: 18.89 | AA258: =Y258/Z258 -> 498.1154 | AB258: =(AA258/Y258)*100 -> 5.2938062
A259: 258 | B259: 44939 | C259: 28213564 | D259: =C259/E259 -> 347115.7 | E259: 81.28 | F259: =D259/100000 -> 3.471157 | G259: =(F259/DataSheet!$C$10*100) -> 103.73709 | H259: =K259/I259 -> 1.570266 | I259: =(J259/L259)*100 -> 4.6425255 | J259: =L259/O259 -> 833.63974 | K259: 7.29 | L259: 17956.6 | M259: 4.21 | N259: =K259-I259 -> 2.6474745 | O259: 21.54 | P259: 3.49 | Q259: =K259-P259 -> 3.8 | R259: 101.94 | S259: =(O259*T259) -> 138.2868 | T259: 6.42 | U259: 11830.4 | V259: 26 | W259: =U259/V259 -> 455.01538 | X259: =(W259/U259)*100 -> 3.8461538 | Y259: 9436.25 | Z259: 18.94 | AA259: =Y259/Z259 -> 498.21806 | AB259: =(AA259/Y259)*100 -> 5.279831
A260: 259 | B260: 44942 | C260: 28147293 | D260: =C260/E260 -> 344857.79 | E260: 81.62 | F260: =D260/100000 -> 3.4485779 | G260: =(F260/DataSheet!$C$10*100) -> 103.0623 | H260: =K260/I260 -> 1.562088 | I260: =(J260/L260)*100 -> 4.6860356 | J260: =L260/O260 -> 838.55904 | K260: 7.32 | L260: 17894.85 | M260: 4.19 | N260: =K260-I260 -> 2.6339644 | O260: 21.34 | P260: 3.52 | Q260: =K260-P260 -> 3.8 | R260: 101.94 | S260: =(O260*T260) -> 137.2162 | T260: 6.43 | U260: 11800.3 | V260: 26.16 | W260: =U260/V260 -> 451.0818 | X260: =(W260/U260)*100 -> 3.82263 | Y260: 9431.25 | Z260: 18.93 | AA260: =Y260/Z260 -> 498.21712 | AB260: =(AA260/Y260)*100 -> 5.2826202
A261: 260 | B261: 44943 | C261: 28272805 | D261: =C261/E261 -> 346353.11 | E261: 81.63 | F261: =D261/100000 -> 3.4635311 | G261: =(F261/DataSheet!$C$10*100) -> 103.50918 | H261: =K261/I261 -> 1.578149 | I261: =(J261/L261)*100 -> 4.6446818 | J261: =L261/O261 -> 838.51835 | K261: 7.33 | L261: 18053.3 | M261: 4.23 | N261: =K261-I261 -> 2.6853182 | O261: 21.53 | P261: 3.54 | Q261: =K261-P261 -> 3.79 | R261: 102.14 | S261: =(O261*T261) -> 138.4379 | T261: 6.43 | U261: 11793.6 | V261: 26.03 | W261: =U261/V261 -> 453.07722 | X261: =(W261/U261)*100 -> 3.8417211 | Y261: 9417.95 | Z261: 18.87 | AA261: =Y261/Z261 -> 499.09645 | AB261: =(AA261/Y261)*100 -> 5.2994171
... A495: 494 | B495: 45289 | C495: 36937726 | D495: =C495/E495 -> 444016.42 | E495: 83.19 | F495: =D495/100000 -> 4.4401642 | G495: =(F495/DataSheet!$C$10*100) -> 132.6963 | H495: =K495/I495 -> 1.661289 | I495: =(J495/L495)*100 -> 4.3159258 | J495: =L495/O495 -> 937.91109 | K495: 7.17 | L495: 21731.4 | M495: 3.81 | N495: =K495-I495 -> 2.8540742 | O495: 23.17 | P495: 3.86 | Q495: =K495-P495 -> 3.31 | R495: 101.02 | S495: =(O495*T495) -> 159.873 | T495: 6.9 | U495: 17077.05 | V495: 26.51 | W495: =U495/V495 -> 644.1739 | X495: =(W495/U495)*100 -> 3.7721614 | Y495: 14041.3 | Z495: 27.37 | AA495: =Y495/Z495 -> 513.0179 | AB495: =(AA495/Y495)*100 -> 3.6536354
A496: 495 | B496: 45292 | C496: 37094900 | D496: =C496/E496 -> 445691.46 | E496: 83.23 | F496: =D496/100000 -> 4.4569146 | G496: =(F496/DataSheet!$C$11*100) -> 122.49352 | H496: =K496/I496 -> 1.666642 | I496: =(J496/L496)*100 -> 4.3140638 | J496: =L496/O496 -> 937.95945 | K496: 7.19 | L496: 21741.9 | M496: 3.81 | N496: =K496-I496 -> 2.8759362 | O496: 23.18 | P496: 3.89 | Q496: =K496-P496 -> 3.3 | R496: 101.02 | S496: =(O496*T496) -> 160.8692 | T496: 6.94 | U496: 17174 | V496: 26.66 | W496: =U496/V496 -> 644.18605 | X496: =(W496/U496)*100 -> 3.7509377 | Y496: 14129.7 | Z496: 27.54 | AA496: =Y496/Z496 -> 513.061 | AB496: =(AA496/Y496)*100 -> 3.6310821
A497: 496 | B497: 45293 | C497: 37029724 | D497: =C497/E497 -> 444694.65 | E497: 83.27 | F497: =D497/100000 -> 4.4469465 | G497: =(F497/DataSheet!$C$11*100) -> 122.21956 | H497: =K497/I497 -> 1.6632 | I497: =(J497/L497)*100 -> 4.3290043 | J497: =L497/O497 -> 937.91342 | K497: 7.2 | L497: 21665.8 | M497: 3.79 | N497: =K497-I497 -> 2.8709957 | O497: 23.1 | P497: 3.94 | Q497: =K497-P497 -> 3.26 | R497: 101.89 | S497: =(O497*T497) -> 160.083 | T497: 6.93 | U497: 17148.1 | V497: 26.62 | W497: =U497/V497 -> 644.18107 | X497: =(W497/U497)*100 -> 3.756574 | Y497: 14124.25 | Z497: 27.53 | AA497: =Y497/Z497 -> 513.0494 | AB497: =(AA497/Y497)*100 -> 3.632401
A498: 497 | B498: 45294 | C498: 37019529 | D498: =C498/E498 -> 444518.84 | E498: 83.28 | F498: =D498/100000 -> 4.4451884 | G498: =(F498/DataSheet!$C$11*100) -> 122.17124 | H498: =K498/I498 -> 1.653974 | I498: =(J498/L498)*100 -> 4.3591979 | J498: =L498/O498 -> 937.98387 | K498: 7.21 | L498: 21517.35 | M498: 3.77 | N498: =K498-I498 -> 2.8508021 | O498: 22.94 | P498: 3.92 | Q498: =K498-P498 -> 3.29 | R498: 102.19 | S498: =(O498*T498) -> 158.9742 | T498: 6.93 | U498: 17189.95 | V498: 26.68 | W498: =U498/V498 -> 644.30097 | X498: =(W498/U498)*100 -> 3.7481259 | Y498: 14141 | Z498: 27.57 | AA498: =Y498/Z498 -> 512.91259 | AB498: =(AA498/Y498)*100 -> 3.6271309
A499: 498 | B499: 45295 | C499: 37346699 | D499: =C499/E499 -> 448662.89 | E499: 83.24 | F499: =D499/100000 -> 4.4866289 | G499: =(F499/DataSheet!$C$11*100) -> 123.31019 | H499: =K499/I499 -> 1.667098 | I499: =(J499/L499)*100 -> 4.3308792 | J499: =L499/O499 -> 938.0078 | K499: 7.22 | L499: 21658.6 | M499: 3.79 | N499: =K499-I499 -> 2.8891208 | O499: 23.09 | P499: 4 | Q499: =K499-P499 -> 3.22 | R499: 102.13 | S499: =(O499*T499) -> 160.7064 | T499: 6.96 | U499: 17443.75 | V499: 27.07 | W499: =U499/V499 -> 644.39416 | X499: =(W499/U499)*100 -> 3.6941263 | Y499: 14286.3 | Z499: 27.85 | AA499: =Y499/Z499 -> 512.97307 | AB499: =(AA499/Y499)*100 -> 3.5906643
A500: 499 | B500: 45296 | C500: 37448192 | D500: =C500/E500 -> 450640.1 | E500: 83.1 | F500: =D500/100000 -> 4.506401 | G500: =(F500/DataSheet!$C$11*100) -> 123.8536 | H500: =K500/I500 -> 1.673745 | I500: =(J500/L500)*100 -> 4.3196544 | J500: =L500/O500 -> 937.83153 | K500: 7.23 | L500: 21710.8 | M500: 3.8 | N500: =K500-I500 -> 2.9103456 | O500: 23.15 | P500: 4.05 | Q500: =K500-P500 -> 3.18 | R500: 102.12 | S500: =(O500*T500) -> 160.4295 | T500: 6.93 | U500: 17499.65 | V500: 27.16 | W500: =U500/V500 -> 644.31701 | X500: =(W500/U500)*100 -> 3.6818851 | Y500: 14382.4 | Z500: 28.04 | AA500: =Y500/Z500 -> 512.92439 | AB500: =(AA500/Y500)*100 -> 3.5663338
A501: 500 | B501: 45299 | C501: 37150869 | D501: =C501/E501 -> 447385.22 | E501: 83.04 | F501: =D501/100000 -> 4.4738522 | G501: =(F501/DataSheet!$C$11*100) -> 122.95903 | H501: =K501/I501 -> 1.65168 | I501: =(J501/L501)*100 -> 4.3591979 | J501: =L501/O501 -> 937.79425 | K501: 7.2 | L501: 21513 | M501: 3.77 | N501: =K501-I501 -> 2.8408021 | O501: 22.94 | P501: 4.02 | Q501: =K501-P501 -> 3.18 | R501: 101.92 | S501: =(O501*T501) -> 159.433 | T501: 6.95 | U501: 17350.55 | V501: 26.93 | W501: =U501/V501 -> 644.28333 | X501: =(W501/U501)*100 -> 3.7133309 | Y501: 14298.2 | Z501: 27.87 | AA501: =Y501/Z501 -> 513.03193 | AB501: =(AA501/Y501)*100 -> 3.5880875
A502: 501 | B502: 45300 | C502: 37265203 | D502: =C502/E502 -> 448438.06 | E502: 83.1 | F502: =D502/100000 -> 4.4843806 | G502: =(F502/DataSheet!$C$11*100) -> 123.2484 | H502: =K502/I502 -> 1.649246 | I502: =(J502/L502)*100 -> 4.3535046 | J502: =L502/O502 -> 937.95603 | K502: 7.18 | L502: 21544.85 | M502: 3.77 | N502: =K502-I502 -> 2.8264954 | O502: 22.97 | P502: 4.01 | Q502: =K502-P502 -> 3.17 | R502: 102.28 | S502: =(O502*T502) -> 159.8712 | T502: 6.96 | U502: 17382 | V502: 26.98 | W502: =U502/V502 -> 644.255 | X502: =(W502/U502)*100 -> 3.7064492 | Y502: 14350.9 | Z502: 27.97 | AA502: =Y502/Z502 -> 513.08187 | AB502: =(AA502/Y502)*100 -> 3.5752592
A503: 502 | B503: 45301 | C503: 37392677 | D503: =C503/E503 -> 450405.65 | E503: 83.02 | F503: =D503/100000 -> 4.5040565 | G503: =(F503/DataSheet!$C$11*100) -> 123.78917 | H503: =K503/I503 -> 1.652685 | I503: =(J503/L503)*100 -> 4.3383948 | J503: =L503/O503 -> 937.90456 | K503: 7.17 | L503: 21618.7 | M503: 3.79 | N503: =K503-I503 -> 2.8316052 | O503: 23.05 | P503: 4.03 | Q503: =K503-P503 -> 3.14 | R503: 102.08 | S503: =(O503*T503) -> 160.428 | T503: 6.96 | U503: 17425.35 | V503: 27.05 | W503: =U503/V503 -> 644.19039 | X503: =(W503/U503)*100 -> 3.6968577 | Y503: 14379.85 | Z503: 28.03 | AA503: =Y503/Z503 -> 513.01641 | AB503: =(AA503/Y503)*100 -> 3.5676061
A504: 503 | B504: 45302 | C504: 37565219 | D504: =C504/E504 -> 452266.06 | E504: 83.06 | F504: =D504/100000 -> 4.5226606 | G504: =(F504/DataSheet!$C$11*100) -> 124.30048 | H504: =K504/I504 -> 1.652528 | I504: =(J504/L504)*100 -> 4.3327556 | J504: =L504/O504 -> 937.92028 | K504: 7.16 | L504: 21647.2 | M504: 3.79 | N504: =K504-I504 -> 2.8272444 | O504: 23.08 | P504: 3.97 | Q504: =K504-P504 -> 3.19 | R504: 102.02 | S504: =(O504*T504) -> 160.406 | T504: 6.95 | U504: 17500.5 | V504: 27.16 | W504: =U504/V504 -> 644.34831 | X504: =(W504/U504)*100 -> 3.6818851 | Y504: 14498.55 | Z504: 28.28 | AA504: =Y504/Z504 -> 512.67857 | AB504: =(AA504/Y504)*100 -> 3.5360679
A505: 504 | B505: 45303 | C505: 37846544 | D505: =C505/E505 -> 456808.02 | E505: 82.85 | F505: =D505/100000 -> 4.5680802 | G505: =(F505/DataSheet!$C$11*100) -> 125.54879 | H505: =K505/I505 -> 1.673478 | I505: =(J505/L505)*100 -> 4.2844901 | J505: =L505/O505 -> 938.06984 | K505: 7.17 | L505: 21894.55 | M505: 3.83 | N505: =K505-I505 -> 2.8855099 | O505: 23.34 | P505: 3.93 | Q505: =K505-P505 -> 3.24 | R505: 102.15 | S505: =(O505*T505) -> 162.213 | T505: 6.95 | U505: 17563.85 | V505: 27.26 | W505: =U505/V505 -> 644.30851 | X505: =(W505/U505)*100 -> 3.6683786 | Y505: 14552.75 | Z505: 28.39 | AA505: =Y505/Z505 -> 512.60127 | AB505: =(AA505/Y505)*100 -> 3.522367
A506: 505 | B506: 45306 | C506: 38129439 | D506: =C506/E506 -> 460389.27 | E506: 82.82 | F506: =D506/100000 -> 4.6038927 | G506: =(F506/DataSheet!$C$11*100) -> 126.53306 | H506: =K506/I506 -> 1.684326 | I506: =(J506/L506)*100 -> 4.2390844 | J506: =L506/O506 -> 936.72955 | K506: 7.14 | L506: 22097.45 | M506: 3.87 | N506: =K506-I506 -> 2.9009156 | O506: 23.59 | P506: 3.98 | Q506: =K506-P506 -> 3.16 | R506: 102.15 | S506: =(O506*T506) -> 163.9505 | T506: 6.95 | U506: 17656.35 | V506: 27.39 | W506: =U506/V506 -> 644.6276 | X506: =(W506/U506)*100 -> 3.6509675 | Y506: 14589 | Z506: 28.45 | AA506: =Y506/Z506 -> 512.79438 | AB506: =(AA506/Y506)*100 -> 3.5149385
A507: 506 | B507: 45307 | C507: 38021747 | D507: =C507/E507 -> 457652.23 | E507: 83.08 | F507: =D507/100000 -> 4.5765223 | G507: =(F507/DataSheet!$C$11*100) -> 125.78081 | H507: =K507/I507 -> 1.679328 | I507: =(J507/L507)*100 -> 4.2517007 | J507: =L507/O507 -> 936.74745 | K507: 7.14 | L507: 22032.3 | M507: 3.86 | N507: =K507-I507 -> 2.8882993 | O507: 23.52 | P507: 4.05 | Q507: =K507-P507 -> 3.09 | R507: 103.11 | S507: =(O507*T507) -> 163.9344 | T507: 6.97 | U507: 17599.8 | V507: 27.3 | W507: =U507/V507 -> 644.68132 | X507: =(W507/U507)*100 -> 3.6630037 | Y507: 14549.05 | Z507: 28.37 | AA507: =Y507/Z507 -> 512.83222 | AB507: =(AA507/Y507)*100 -> 3.5248502
... A744: 743 | B744: 45657 | C744: 44347671 | D744: =C744/E744 -> 518358.82 | E744: 85.554 | F744: =D744/100000 -> 5.1835882 | G744: =(F744/DataSheet!$C$11*100) -> 142.46537 | H744: =K744/I744 -> 1.4727861 | I744: =(J744/L744)*100 -> 4.5892611 | J744: =L744/O744 -> 1085.1216 | K744: 6.759 | L744: 23644.8 | M744: 3.53 | N744: =K744-I744 -> 2.1697389 | O744: 21.79 | P744: 4.572 | Q744: =K744-P744 -> 2.187 | R744: 108.296 | S744: =(O744*T744) -> 143.3782 | T744: 6.58 | U744: 21141.2 | V744: 43.3 | W744: =U744/V744 -> 488.24942 | X744: =(W744/U744)*100 -> 2.3094688 | Y744: 17752.25 | Z744: 34.39 | AA744: =Y744/Z744 -> 516.20384 | AB744: =(AA744/Y744)*100 -> 2.907822
A745: 744 | B745: 45658 | C745: 44594474 | D745: =C745/E745 -> 520689.75 | E745: 85.645 | F745: =D745/100000 -> 5.2068975 | G745: =(F745/DataSheet!$C$12*100) -> 138.45149 | H745: =K745/I745 -> 1.4832452 | I745: =(J745/L745)*100 -> 4.5703839 | J745: =L745/O745 -> 1085.1417 | K745: 6.779 | L745: 23742.9 | M745: 3.54 | N745: =K745-I745 -> 2.2086161 | O745: 21.88 | P745: 4.572 | Q745: =K745-P745 -> 2.207 | R745: 108.296 | S745: =(O745*T745) -> 143.9704 | T745: 6.58 | U745: 21246.5 | V745: 43.52 | W745: =U745/V745 -> 488.20083 | X745: =(W745/U745)*100 -> 2.2977941 | Y745: 17908.8 | Z745: 34.7 | AA745: =Y745/Z745 -> 516.10375 | AB745: =(AA745/Y745)*100 -> 2.8818444
A746: 745 | B746: 45659 | C746: 45200321 | D746: =C746/E746 -> 527055.98 | E746: 85.76 | F746: =D746/100000 -> 5.2705598 | G746: =(F746/DataSheet!$C$12*100) -> 140.14427 | H746: =K746/I746 -> 1.5128223 | I746: =(J746/L746)*100 -> 4.4863167 | J746: =L746/O746 -> 1085.1795 | K746: 6.787 | L746: 24188.65 | M746: 3.61 | N746: =K746-I746 -> 2.3006833 | O746: 22.29 | P746: 4.561 | Q746: =K746-P746 -> 2.226 | R746: 109.209 | S746: =(O746*T746) -> 147.114 | T746: 6.6 | U746: 21473.15 | V746: 43.98 | W746: =U746/V746 -> 488.24807 | X746: =(W746/U746)*100 -> 2.2737608 | Y746: 18007.95 | Z746: 34.89 | AA746: =Y746/Z746 -> 516.135 | AB746: =(AA746/Y746)*100 -> 2.8661508
A747: 746 | B747: 45660 | C747: 45133849 | D747: =C747/E747 -> 526274.75 | E747: 85.761 | F747: =D747/100000 -> 5.2627475 | G747: =(F747/DataSheet!$C$12*100) -> 139.93654 | H747: =K747/I747 -> 1.4995148 | I747: =(J747/L747)*100 -> 4.5207957 | J747: =L747/O747 -> 1085.2057 | K747: 6.779 | L747: 24004.75 | M747: 3.58 | N747: =K747-I747 -> 2.2582043 | O747: 22.12 | P747: 4.601 | Q747: =K747-P747 -> 2.178 | R747: 108.798 | S747: =(O747*T747) -> 146.2132 | T747: 6.61 | U747: 21419.3 | V747: 43.87 | W747: =U747/V747 -> 488.24481 | X747: =(W747/U747)*100 -> 2.279462 | Y747: 17973.05 | Z747: 34.82 | AA747: =Y747/Z747 -> 516.1703 | AB747: =(AA747/Y747)*100 -> 2.8719127
A748: 747 | B748: 45663 | C748: 44019775 | D748: =C748/E748 -> 513649.65 | E748: 85.7 | F748: =D748/100000 -> 5.1364965 | G748: =(F748/DataSheet!$C$12*100) -> 136.57953 | H748: =K748/I748 -> 1.4716288 | I748: =(J748/L748)*100 -> 4.5955882 | J748: =L748/O748 -> 1085.2964 | K748: 6.763 | L748: 23616.05 | M748: 3.52 | N748: =K748-I748 -> 2.1674118 | O748: 21.76 | P748: 4.623 | Q748: =K748-P748 -> 2.14 | R748: 108.101 | S748: =(O748*T748) -> 143.1808 | T748: 6.58 | U748: 20879.65 | V748: 42.77 | W748: =U748/V748 -> 488.18448 | X748: =(W748/U748)*100 -> 2.3380874 | Y748: 17455.7 | Z748: 33.82 | AA748: =Y748/Z748 -> 516.13542 | AB748: =(AA748/Y748)*100 -> 2.9568303
A749: 748 | B749: 45664 | C749: 44326609 | D749: =C749/E749 -> 516609.08 | E749: 85.803 | F749: =D749/100000 -> 5.1660908 | G749: =(F749/DataSheet!$C$12*100) -> 137.36644 | H749: =K749/I749 -> 1.4733264 | I749: =(J749/L749)*100 -> 4.5787546 | J749: =L749/O749 -> 1085.5266 | K749: 6.746 | L749: 23707.9 | M749: 3.54 | N749: =K749-I749 -> 2.1672454 | O749: 21.84 | P749: 4.684 | Q749: =K749-P749 -> 2.062 | R749: 108.378 | S749: =(O749*T749) -> 144.144 | T749: 6.6 | U749: 21060.8 | V749: 43.14 | W749: =U749/V749 -> 488.19657 | X749: =(W749/U749)*100 -> 2.3180343 | Y749: 17702.55 | Z749: 34.3 | AA749: =Y749/Z749 -> 516.10933 | AB749: =(AA749/Y749)*100 -> 2.9154519
A750: 749 | B750: 45665 | C750: 44115076 | D750: =C750/E750 -> 513461.55 | E750: 85.917 | F750: =D750/100000 -> 5.1346155 | G750: =(F750/DataSheet!$C$12*100) -> 136.52951 | H750: =K750/I750 -> 1.4772361 | I750: =(J750/L750)*100 -> 4.580852 | J750: =L750/O750 -> 1085.1557 | K750: 6.767 | L750: 23688.95 | M750: 3.53 | N750: =K750-I750 -> 2.186148 | O750: 21.83 | P750: 4.692 | Q750: =K750-P750 -> 2.075 | R750: 108.926 | S750: =(O750*T750) -> 143.6414 | T750: 6.58 | U750: 20840.3 | V750: 42.69 | W750: =U750/V750 -> 488.17756 | X750: =(W750/U750)*100 -> 2.342469 | Y750: 17457.9 | Z750: 33.82 | AA750: =Y750/Z750 -> 516.20047 | AB750: =(AA750/Y750)*100 -> 2.9568303
A751: 750 | B751: 45666 | C751: 43700335 | D751: =C751/E751 -> 508794.22 | E751: 85.89 | F751: =D751/100000 -> 5.0879422 | G751: =(F751/DataSheet!$C$12*100) -> 135.28847 | H751: =K751/I751 -> 1.4664352 | I751: =(J751/L751)*100 -> 4.6125461 | J751: =L751/O751 -> 1085.1707 | K751: 6.764 | L751: 23526.5 | M751: 3.51 | N751: =K751-I751 -> 2.1514539 | O751: 21.68 | P751: 4.688 | Q751: =K751-P751 -> 2.076 | R751: 109.004 | S751: =(O751*T751) -> 143.3048 | T751: 6.61 | U751: 20674.25 | V751: 42.35 | W751: =U751/V751 -> 488.17591 | X751: =(W751/U751)*100 -> 2.3612751 | Y751: 17254.35 | Z751: 33.43 | AA751: =Y751/Z751 -> 516.13371 | AB751: =(AA751/Y751)*100 -> 2.9913252
A752: 751 | B752: 45667 | C752: 43116659 | D752: =C752/E752 -> 500396.44 | E752: 86.165 | F752: =D752/100000 -> 5.0039644 | G752: =(F752/DataSheet!$C$12*100) -> 133.0555 | H752: =K752/I752 -> 1.4614271 | I752: =(J752/L752)*100 -> 4.631774 | J752: =L752/O752 -> 1085.2941 | K752: 6.769 | L752: 23431.5 | M752: 3.49 | N752: =K752-I752 -> 2.137226 | O752: 21.59 | P752: 4.762 | Q752: =K752-P752 -> 2.007 | R752: 109.487 | S752: =(O752*T752) -> 142.7099 | T752: 6.61 | U752: 20252.95 | V752: 41.48 | W752: =U752/V752 -> 488.2582 | X752: =(W752/U752)*100 -> 2.4108004 | Y752: 16833.4 | Z752: 32.61 | AA752: =Y752/Z752 -> 516.20362 | AB752: =(AA752/Y752)*100 -> 3.066544
A753: 752 | B753: 45670 | C753: 41829588 | D753: =C753/E753 -> 482764.21 | E753: 86.646 | F753: =D753/100000 -> 4.8276421 | G753: =(F753/DataSheet!$C$12*100) -> 128.36708 | H753: =K753/I753 -> 1.4541375 | I753: =(J753/L753)*100 -> 4.7058824 | J753: =L753/O753 -> 1086.3976 | K753: 6.843 | L753: 23085.95 | M753: 3.44 | N753: =K753-I753 -> 2.1371176 | O753: 21.25 | P753: 4.789 | Q753: =K753-P753 -> 2.054 | R753: 109.812 | S753: =(O753*T753) -> 140.4625 | T753: 6.61 | U753: 19458.3 | V753: 39.86 | W753: =U753/V753 -> 488.16608 | X753: =(W753/U753)*100 -> 2.5087807 | Y753: 16159.9 | Z753: 31.31 | AA753: =Y753/Z753 -> 516.12584 | AB753: =(AA753/Y753)*100 -> 3.1938678
A754: 753 | B754: 45671 | C754: 42461600 | D754: =C754/E754 -> 490743.72 | E754: 86.525 | F754: =D754/100000 -> 4.9074372 | G754: =(F754/DataSheet!$C$12*100) -> 130.48884 | H754: =K754/I754 -> 1.4573086 | I754: =(J754/L754)*100 -> 4.6860356 | J754: =L754/O754 -> 1086.038 | K754: 6.829 | L754: 23176.05 | M754: 3.46 | N754: =K754-I754 -> 2.1429644 | O754: 21.34 | P754: 4.792 | Q754: =K754-P754 -> 2.037 | R754: 109.11 | S754: =(O754*T754) -> 141.2708 | T754: 6.62 | U754: 19883.35 | V754: 40.72 | W754: =U754/V754 -> 488.29445 | X754: =(W754/U754)*100 -> 2.4557957 | Y754: 16422.75 | Z754: 31.84 | AA754: =Y754/Z754 -> 515.78989 | AB754: =(AA754/Y754)*100 -> 3.1407035
A755: 754 | B755: 45672 | C755: 42573737 | D755: =C755/E755 -> 492865.67 | E755: 86.38 | F755: =D755/100000 -> 4.9286567 | G755: =(F755/DataSheet!$C$12*100) -> 131.05306 | H755: =K755/I755 -> 1.4559381 | I755: =(J755/L755)*100 -> 4.6794572 | J755: =L755/O755 -> 1086.2518 | K755: 6.813 | L755: 23213.2 | M755: 3.46 | N755: =K755-I755 -> 2.1335428 | O755: 21.37 | P755: 4.654 | Q755: =K755-P755 -> 2.159 | R755: 108.916 | S755: =(O755*T755) -> 141.042 | T755: 6.6 | U755: 19955.4 | V755: 40.86 | W755: =U755/V755 -> 488.38473 | X755: =(W755/U755)*100 -> 2.4473813 | Y755: 16508.9 | Z755: 31.98 | AA755: =Y755/Z755 -> 516.22577 | AB755: =(AA755/Y755)*100 -> 3.1269543
A756: 755 | B756: 45673 | C756: 42980830 | D756: =C756/E756 -> 496486.42 | E756: 86.57 | F756: =D756/100000 -> 4.9648642 | G756: =(F756/DataSheet!$C$12*100) -> 132.01582 | H756: =K756/I756 -> 1.4494084 | I756: =(J756/L756)*100 -> 4.6598322 | J756: =L756/O756 -> 1086.2908 | K756: 6.754 | L756: 23311.8 | M756: 3.48 | N756: =K756-I756 -> 2.0941678 | O756: 21.46 | P756: 4.611 | Q756: =K756-P756 -> 2.143 | R756: 108.817 | S756: =(O756*T756) -> 141.4214 | T756: 6.59 | U756: 20172.65 | V756: 41.27 | W756: =U756/V756 -> 488.79695 | X756: =(W756/U756)*100 -> 2.4230676 | Y756: 16707.9 | Z756: 32.68 | AA756: =Y756/Z756 -> 511.25765 | AB756: =(AA756/Y756)*100 -> 3.0599755
... A827: 826 | B827: 45782 | C827: 42814518 | D827: =C827/E827 -> 507912.9 | E827: 84.295 | F827: =D827/100000 -> 5.079129 | G827: =(F827/DataSheet!$C$12*100) -> 135.05412 | H827: =K827/I827 -> 1.4115381 | I827: =(J827/L827)*100 -> 4.5475216 | J827: =L827/O827 -> 1112.3761 | K827: 6.419 | L827: 24461.15 | M827: 3.62 | N827: =K827-I827 -> 1.8714784 | O827: 21.99 | P827: 4.348 | Q827: =K827-P827 -> 2.071 | R827: 99.64 | S827: =(O827*T827) -> 129.5211 | T827: 5.89 | U827: 20049.15 | V827: 34.21 | W827: =U827/V827 -> 586.06109 | X827: =(W827/U827)*100 -> 2.9231219 | Y827: 15528.3 | Z827: 30.54 | AA827: =Y827/Z827 -> 508.45776 | AB827: =(AA827/Y827)*100 -> 3.2743942
A828: 827 | B828: 45783 | C828: 42205724 | D828: =C828/E828 -> 500631.32 | E828: 84.305 | F828: =D828/100000 -> 5.0063132 | G828: =(F828/DataSheet!$C$12*100) -> 133.11795 | H828: =K828/I828 -> 1.3909715 | I828: =(J828/L828)*100 -> 4.5558087 | J828: =L828/O828 -> 1110.6879 | K828: 6.337 | L828: 24379.6 | M828: 3.61 | N828: =K828-I828 -> 1.7811913 | O828: 21.95 | P828: 4.298 | Q828: =K828-P828 -> 2.039 | R828: 99.047 | S828: =(O828*T828) -> 0 | U828: 19646.2 | V828: 33.47 | W828: =U828/V828 -> 586.97938 | X828: =(W828/U828)*100 -> 2.9877502 | Y828: 15181.45 | Z828: 29.89 | AA828: =Y828/Z828 -> 507.91067 | AB828: =(AA828/Y828)*100 -> 3.3456005
A829: 828 | B829: 45784 | C829: 42420125 | D829: =C829/E829 -> 500703.78 | E829: 84.721 | F829: =D829/100000 -> 5.0070378 | G829: =(F829/DataSheet!$C$12*100) -> 133.13722 | H829: =K829/I829 -> 1.4062605 | I829: =(J829/L829)*100 -> 4.5475216 | J829: =L829/O829 -> 1110.2501 | K829: 6.395 | L829: 24414.4 | M829: 3.61 | N829: =K829-I829 -> 1.8474784 | O829: 21.99 | P829: 4.268 | Q829: =K829-P829 -> 2.127 | R829: 99.435 | S829: =(O829*T829) -> 0 | U829: 19943.65 | V829: 33.95 | W829: =U829/V829 -> 587.44183 | X829: =(W829/U829)*100 -> 2.9455081 | Y829: 15362.7 | Z829: 30.23 | AA829: =Y829/Z829 -> 508.19385 | AB829: =(AA829/Y829)*100 -> 3.3079722
A830: 829 | B830: 45785 | C830: 41934057 | D830: =C830/E830 -> 490250.38 | E830: 85.536 | F830: =D830/100000 -> 4.9025038 | G830: =(F830/DataSheet!$C$12*100) -> 130.35766 | H830: =K830/I830 -> 1.3940122 | I830: =(J830/L830)*100 -> 4.5745654 | J830: =L830/O830 -> 1110.4209 | K830: 6.377 | L830: 24273.8 | M830: 3.59 | N830: =K830-I830 -> 1.8024346 | O830: 21.86 | P830: 4.379 | Q830: =K830-P830 -> 1.998 | R830: 100.49 | S830: =(O830*T830) -> 0 | U830: 19591.8 | V830: 33.2 | W830: =U830/V830 -> 590.11446 | X830: =(W830/U830)*100 -> 3.0120482 | Y830: 15180.45 | Z830: 29.87 | AA830: =Y830/Z830 -> 508.21727 | AB830: =(AA830/Y830)*100 -> 3.3478406
A831: 830 | B831: 45786 | C831: 41701116 | D831: =C831/E831 -> 488252.01 | E831: 85.409 | F831: =D831/100000 -> 4.8825201 | G831: =(F831/DataSheet!$C$12*100) -> 129.82629 | H831: =K831/I831 -> 1.3787074 | I831: =(J831/L831)*100 -> 4.6253469 | J831: =L831/O831 -> 1110.4533 | K831: 6.377 | L831: 24008 | M831: 3.55 | N831: =K831-I831 -> 1.7516531 | O831: 21.62 | P831: 4.381 | Q831: =K831-P831 -> 1.996 | R831: 100.168 | S831: =(O831*T831) -> 0 | U831: 19596.25 | V831: 33.16 | W831: =U831/V831 -> 590.96049 | X831: =(W831/U831)*100 -> 3.0156815 | Y831: 15080.45 | Z831: 29.42 | AA831: =Y831/Z831 -> 512.59177 | AB831: =(AA831/Y831)*100 -> 3.3990483
A832: 831 | B832: 45789 | C832: 43313429 | D832: =C832/E832 -> 510260.11 | E832: 84.885 | F832: =D832/100000 -> 5.1026011 | G832: =(F832/DataSheet!$C$12*100) -> 135.67825 | H832: =K832/I832 -> 1.4097255 | I832: =(J832/L832)*100 -> 4.4583148 | J832: =L832/O832 -> 1111.2216 | K832: 6.285 | L832: 24924.7 | M832: 3.69 | N832: =K832-I832 -> 1.8266852 | O832: 22.43 | P832: 4.472 | Q832: =K832-P832 -> 1.813 | R832: 101.599 | S832: =(O832*T832) -> 0 | U832: 20331.5 | V832: 34.4 | W832: =U832/V832 -> 591.03198 | X832: =(W832/U832)*100 -> 2.9069767 | Y832: 15684.2 | Z832: 30.61 | AA832: =Y832/Z832 -> 512.38811 | AB832: =(AA832/Y832)*100 -> 3.2669062
A833: 832 | B833: 45790 | C833: 43184842 | D833: =C833/E833 -> 506418.56 | E833: 85.275 | F833: =D833/100000 -> 5.0641856 | G833: =(F833/DataSheet!$C$12*100) -> 134.65678 | H833: =K833/I833 -> 1.3782336 | I833: =(J833/L833)*100 -> 4.5289855 | J833: =L833/O833 -> 1113.1499 | K833: 6.242 | L833: 24578.35 | M833: 3.64 | N833: =K833-I833 -> 1.7130145 | O833: 22.08 | P833: 4.47 | Q833: =K833-P833 -> 1.772 | R833: 100.826 | S833: =(O833*T833) -> 0 | U833: 20379.3 | V833: 34.18 | W833: =U833/V833 -> 596.23464 | X833: =(W833/U833)*100 -> 2.9256875 | Y833: 15815.45 | Z833: 31.03 | AA833: =Y833/Z833 -> 509.68257 | AB833: =(AA833/Y833)*100 -> 3.2226877
A834: 833 | B834: 45791 | C834: 43564124 | D834: =C834/E834 -> 510148.42 | E834: 85.395 | F834: =D834/100000 -> 5.1014842 | G834: =(F834/DataSheet!$C$12*100) -> 135.64855 | H834: =K834/I834 -> 1.3795434 | I834: =(J834/L834)*100 -> 4.5167118 | J834: =L834/O834 -> 1114.1328 | K834: 6.231 | L834: 24666.9 | M834: 3.65 | N834: =K834-I834 -> 1.7142882 | O834: 22.14 | P834: 4.541 | Q834: =K834-P834 -> 1.69 | R834: 100.873 | S834: =(O834*T834) -> 0 | U834: 20637.9 | V834: 34.34 | W834: =U834/V834 -> 600.98719 | X834: =(W834/U834)*100 -> 2.9120559 | Y834: 16038.3 | Z834: 31.47 | AA834: =Y834/Z834 -> 509.63775 | AB834: =(AA834/Y834)*100 -> 3.1776295
A835: 834 | B835: 45792 | C835: 44097972 | D835: =C835/E835 -> 515488.42 | E835: 85.546 | F835: =D835/100000 -> 5.1548842 | G835: =(F835/DataSheet!$C$12*100) -> 137.06845 | H835: =K835/I835 -> 1.395146 | I835: =(J835/L835)*100 -> 4.4583148 | J835: =L835/O835 -> 1117.3473 | K835: 6.22 | L835: 25062.1 | M835: 3.71 | N835: =K835-I835 -> 1.7616852 | O835: 22.43 | P835: 4.431 | Q835: =K835-P835 -> 1.789 | R835: 100.729 | S835: =(O835*T835) -> 0 | U835: 20781.15 | V835: 34.59 | W835: =U835/V835 -> 600.78491 | X835: =(W835/U835)*100 -> 2.891009 | Y835: 16159.25 | Z835: 31.52 | AA835: =Y835/Z835 -> 512.66656 | AB835: =(AA835/Y835)*100 -> 3.1725888
A836: 835 | B836: 45793 | C836: 44366355 | D836: =C836/E836 -> 518904.73 | E836: 85.5 | F836: =D836/100000 -> 5.1890473 | G836: =(F836/DataSheet!$C$12*100) -> 137.97685 | H836: =K836/I836 -> 1.392658 | I836: =(J836/L836)*100 -> 4.4662796 | J836: =L836/O836 -> 1117.4542 | K836: 6.22 | L836: 25019.8 | M836: 3.7 | N836: =K836-I836 -> 1.7537204 | O836: 22.39 | P836: 4.443 | Q836: =K836-P836 -> 1.777 | R836: 100.946 | S836: =(O836*T836) -> 0 | U836: 20960.15 | V836: 34.87 | W836: =U836/V836 -> 601.09406 | X836: =(W836/U836)*100 -> 2.8677947 | Y836: 16405.7 | Z836: 31.98 | AA836: =Y836/Z836 -> 512.99875 | AB836: =(AA836/Y836)*100 -> 3.1269543
A837: 836 | B837: 45796 | C837: 44435080 | D837: =C837/E837 -> 520378.03 | E837: 85.39 | F837: =D837/100000 -> 5.2037803 | G837: =(F837/DataSheet!$C$12*100) -> 138.3686 | H837: =K837/I837 -> 1.391159 | I837: =(J837/L837)*100 -> 4.4782803 | J837: =L837/O837 -> 1117.1272 | K837: 6.23 | L837: 24945.45 | M837: 3.69 | N837: =K837-I837 -> 1.7517197 | O837: 22.33 | P837: 4.447 | Q837: =K837-P837 -> 1.783 | R837: 100.288 | S837: =(O837*T837) -> 0 | U837: 20992.8 | V837: 34.92 | W837: =U837/V837 -> 601.16838 | X837: =(W837/U837)*100 -> 2.8636884 | Y837: 16516.8 | Z837: 32.2 | AA837: =Y837/Z837 -> 512.9441 | AB837: =(AA837/Y837)*100 -> 3.1055901
A838: 837 | B838: 45797 | C838: 43882813 | D838: =C838/E838 -> 513009.27 | E838: 85.54 | F838: =D838/100000 -> 5.1300927 | G838: =(F838/DataSheet!$C$12*100) -> 136.40925 | H838: =K838/I838 -> 1.373376 | I838: =(J838/L838)*100 -> 4.5289855 | J838: =L838/O838 -> 1117.9303 | K838: 6.22 | L838: 24683.9 | M838: 3.65 | N838: =K838-I838 -> 1.6910145 | O838: 22.08 | P838: 4.483 | Q838: =K838-P838 -> 1.737 | R838: 99.977 | S838: =(O838*T838) -> 0 | U838: 20665.25 | V838: 34.13 | W838: =U838/V838 -> 605.48638 | X838: =(W838/U838)*100 -> 2.9299736 | Y838: 16368.65 | Z838: 31.61 | AA838: =Y838/Z838 -> 517.83138 | AB838: =(AA838/Y838)*100 -> 3.1635558
A839: 838 | B839: 45798 | C839: 44197321 | D839: =C839/E839 -> 516323.84 | E839: 85.6 | F839: =D839/100000 -> 5.1632384 | G839: =(F839/DataSheet!$C$12*100) -> 137.29059 | H839: =K839/I839 -> 1.373561 | I839: =(J839/L839)*100 -> 4.5065345 | J839: =L839/O839 -> 1118.2267 | K839: 6.19 | L839: 24813.45 | M839: 3.67 | N839: =K839-I839 -> 1.6834655 | O839: 22.19 | P839: 4.595 | Q839: =K839-P839 -> 1.595 | R839: 99.435 | S839: =(O839*T839) -> 0 | U839: 20828.75 | V839: 34.32 | W839: =U839/V839 -> 606.89831 | X839: =(W839/U839)*100 -> 2.9137529 | Y839: 16437.1 | Z839: 31.75 | AA839: =Y839/Z839 -> 517.70394 | AB839: =(AA839/Y839)*100 -> 3.1496063
A840: 839 | B840: 45799 | C840: 43972553 | D840: =C840/E840 -> 511338.49 | E840: 85.995 | F840: =D840/100000 -> 5.1133849 | G840: =(F840/DataSheet!$C$12*100) -> 135.96499 | H840: =K840/I840 -> 1.366821 | I840: =(J840/L840)*100 -> 4.5433894 | J840: =L840/O840 -> 1118.1145 | K840: 6.21 | L840: 24609.7 | M840: 3.64 | N840: =K840-I840 -> 1.6666106 | O840: 22.01 | P840: 4.528 | Q840: =K840-P840 -> 1.682 | R840: 99.849 | S840: =(O840*T840) -> 0 | U840: 20752.7 | V840: 34.11 | W840: =U840/V840 -> 608.40516 | X840: =(W840/U840)*100 -> 2.9316916 | Y840: 16436.45 | Z840: 31.49 | AA840: =Y840/Z840 -> 521.95776 | AB840: =(AA840/Y840)*100 -> 3.1756113
A841: 840 | B841: 45800 | C841: 44279044 | D841: =C841/E841 -> 519707.09 | E841: 85.2 | F841: =D841/100000 -> 5.1970709 | G841: =(F841/DataSheet!$C$12*100) -> 138.1902 | H841: =K841/I841 -> 1.39104 | I841: =(J841/L841)*100 -> 4.4642857 | J841: =L841/O841 -> 1109.5156 | K841: 6.21 | L841: 24853.15 | M841: 3.68 | N841: =K841-I841 -> 1.7457143 | O841: 22.4 | P841: 4.507 | Q841: =K841-P841 -> 1.703 | R841: 99.01 | S841: =(O841*T841) -> 124.768 | T841: 5.57 | U841: 20874.4 | V841: 34.08 | W841: =U841/V841 -> 612.51174 | X841: =(W841/U841)*100 -> 2.9342723 | Y841: 16532.95 | Z841: 31.66 | AA841: =Y841/Z841 -> 522.2031 | AB841: =(AA841/Y841)*100 -> 3.1585597
A842: 841 | B842: 45803 | C842: 44547996 | D842: =C842/E842 -> 523552.04 | E842: 85.088 | F842: =D842/100000 -> 5.2355204 | G842: =(F842/DataSheet!$C$12*100) -> 139.21257 | H842: =K842/I842 -> 1.39996 | I842: =(J842/L842)*100 -> 4.428698 | J842: =L842/O842 -> 1107.2254 | K842: 6.2 | L842: 25001.15 | M842: 3.7 | N842: =K842-I842 -> 1.771302 | O842: 22.58 | P842: 4.511 | Q842: =K842-P842 -> 1.689 | R842: 99.01 | S842: =(O842*T842) -> 125.5448 | T842: 5.56 | U842: 20991 | V842: 34.38 | W842: =U842/V842 -> 610.55846 | X842: =(W842/U842)*100 -> 2.9086678 | Y842: 16619.1 | Z842: 32 | AA842: =Y842/Z842 -> 519.34687 | AB842: =(AA842/Y842)*100 -> 3.125
A843: 842 | B843: 45804 | C843: 44447038 | D843: =C843/E843 -> 520884.07 | E843: 85.33 | F843: =D843/100000 -> 5.2088407 | G843: =(F843/DataSheet!$C$12*100) -> 138.50316 | H843: =K843/I843 -> 1.38756 | I843: =(J843/L843)*100 -> 4.4682752 | J843: =L843/O843 -> 1109.3029 | K843: 6.2 | L843: 24826.2 | M843: 3.67 | N843: =K843-I843 -> 1.7317248 | O843: 22.38 | P843: 4.445 | Q843: =K843-P843 -> 1.755 | R843: 99.425 | S843: =(O843*T843) -> 123.3138 | T843: 5.51 | U843: 21034.45 | V843: 34.39 | W843: =U843/V843 -> 611.64437 | X843: =(W843/U843)*100 -> 2.907822 | Y843: 16637.85 | Z843: 32 | AA843: =Y843/Z843 -> 519.93281 | AB843: =(AA843/Y843)*100 -> 3.125
A844: 843 | B844: 45805 | C844: 44462999 | D844: =C844/E844 -> 520558.68 | E844: 85.414 | F844: =D844/100000 -> 5.2055868 | G844: =(F844/DataSheet!$C$12*100) -> 138.41664 | H844: =K844/I844 -> 1.374912 | I844: =(J844/L844)*100 -> 4.4802867 | J844: =L844/O844 -> 1108.9807 | K844: 6.16 | L844: 24752.45 | M844: 3.66 | N844: =K844-I844 -> 1.6797133 | O844: 22.32 | P844: 4.474 | Q844: =K844-P844 -> 1.686 | R844: 99.785 | S844: =(O844*T844) -> 123.4296 | T844: 5.53 | U844: 21044.4 | V844: 34.14 | W844: =U844/V844 -> 616.41476 | X844: =(W844/U844)*100 -> 2.9291154 | Y844: 16706.35 | Z844: 32.12 | AA844: =Y844/Z844 -> 520.12298 | AB844: =(AA844/Y844)*100 -> 3.113325
A845: 844 | B845: 45806 | C845: 44628305 | D845: =C845/E845 -> 522463.45 | E845: 85.419 | F845: =D845/100000 -> 5.2246345 | G845: =(F845/DataSheet!$C$12*100) -> 138.92312 | H845: =K845/I845 -> 1.383702 | I845: =(J845/L845)*100 -> 4.4662796 | J845: =L845/O845 -> 1109.138 | K845: 6.18 | L845: 24833.6 | M845: 3.63 | N845: =K845-I845 -> 1.7137204 | O845: 22.39 | P845: 4.425 | Q845: =K845-P845 -> 1.755 | R845: 99.209 | S845: =(O845*T845) -> 123.8167 | T845: 5.53 | U845: 21163.15 | V845: 34.32 | W845: =U845/V845 -> 616.6419 | X845: =(W845/U845)*100 -> 2.9137529 | Y845: 16779.55 | Z845: 32.17 | AA845: =Y845/Z845 -> 521.58999 | AB845: =(AA845/Y845)*100 -> 3.1084862
A846: 845 | B846: 45807 | C846: 44508663 | D846: =C846/E846 -> 520416.99 | E846: 85.525 | F846: =D846/100000 -> 5.2041699 | G846: =(F846/DataSheet!$C$12*100) -> 138.37896 | H846: =K846/I846 -> 1.38384 | I846: =(J846/L846)*100 -> 4.4802867 | J846: =L846/O846 -> 1108.9023 | K846: 6.2 | L846: 24750.7 | M846: 3.62 | N846: =K846-I846 -> 1.7197133 | O846: 22.32 | P846: 4.397 | Q846: =K846-P846 -> 1.803 | R846: 99.259 | S846: =(O846*T846) -> 122.9832 | T846: 5.51 | U846: 21125.55 | V846: 34.26 | W846: =U846/V846 -> 616.62434 | X846: =(W846/U846)*100 -> 2.9188558 | Y846: 16833.05 | Z846: 32.19 | AA846: =Y846/Z846 -> 522.92793 | AB846: =(AA846/Y846)*100 -> 3.1065548
A847: 846 | B847: 45810 | C847: 44622420 | D847: =C847/E847 -> 522792.37 | E847: 85.354 | F847: =D847/100000 -> 5.2279237 | G847: =(F847/DataSheet!$C$12*100) -> 139.01058 | H847: =K847/I847 -> 1.386438 | I847: =(J847/L847)*100 -> 4.4863167 | J847: =L847/O847 -> 1108.865 | K847: 6.22 | L847: 24716.6 | M847: 3.62 | N847: =K847-I847 -> 1.7336833 | O847: 22.29 | P847: 4.441 | Q847: =K847-P847 -> 1.779 | R847: 98.635 | S847: =(O847*T847) -> 123.0408 | T847: 5.52 | U847: 21240.8 | V847: 34.45 | W847: =U847/V847 -> 616.56894 | X847: =(W847/U847)*100 -> 2.9027576 | Y847: 16953.75 | Z847: 32.24 | AA847: =Y847/Z847 -> 525.86073 | AB847: =(AA847/Y847)*100 -> 3.101737
A848: 847 | B848: 45811 | C848: 44403872 | D848: =C848/E848 -> 518077.12 | E848: 85.709 | F848: =D848/100000 -> 5.1807712 | G848: =(F848/DataSheet!$C$12*100) -> 137.75679 | H848: =K848/I848 -> 1.36834 | I848: =(J848/L848)*100 -> 4.5310376 | J848: =L848/O848 -> 1112.0299 | K848: 6.2 | L848: 24542.5 | M848: 3.59 | N848: =K848-I848 -> 1.6689624 | O848: 22.07 | P848: 4.457 | Q848: =K848-P848 -> 1.743 | R848: 99.159 | S848: =(O848*T848) -> 121.385 | T848: 5.5 | U848: 21164.75 | V848: 33.85 | W848: =U848/V848 -> 625.25111 | X848: =(W848/U848)*100 -> 2.9542097 | Y848: 16971.25 | Z848: 32.38 | AA848: =Y848/Z848 -> 524.12755 | AB848: =(AA848/Y848)*100 -> 3.0883261
A849: 848 | B849: 45812 | C849: 44607490 | D849: =C849/E849 -> 519446.75 | E849: 85.875 | F849: =D849/100000 -> 5.1944675 | G849: =(F849/DataSheet!$C$12*100) -> 138.12098 | H849: =K849/I849 -> 1.374894 | I849: =(J849/L849)*100 -> 4.5167118 | J849: =L849/O849 -> 1112.0235 | K849: 6.21 | L849: 24620.2 | M849: 3.6 | N849: =K849-I849 -> 1.6932882 | O849: 22.14 | P849: 4.356 | Q849: =K849-P849 -> 1.854 | R849: 98.73 | S849: =(O849*T849) -> 121.5486 | T849: 5.49 | U849: 21334.6 | V849: 34.14 | W849: =U849/V849 -> 624.91506 | X849: =(W849/U849)*100 -> 2.9291154 | Y849: 17060.8 | Z849: 32.51 | AA849: =Y849/Z849 -> 524.78622 | AB849: =(AA849/Y849)*100 -> 3.0759766
A850: 849 | B850: 45813 | C850: 44838577 | D850: =C850/E850 -> 522381.04 | E850: 85.835 | F850: =D850/100000 -> 5.2238104 | G850: =(F850/DataSheet!$C$12*100) -> 138.90121 | H850: =K850/I850 -> 1.37505 | I850: =(J850/L850)*100 -> 4.494382 | J850: =L850/O850 -> 1112.4 | K850: 6.18 | L850: 24750.9 | M850: 3.62 | N850: =K850-I850 -> 1.685618 | O850: 22.25 | P850: 4.389 | Q850: =K850-P850 -> 1.791 | R850: 98.704 | S850: =(O850*T850) -> 121.93 | T850: 5.48 | U850: 21476.45 | V850: 34.37 | W850: =U850/V850 -> 624.86034 | X850: =(W850/U850)*100 -> 2.9095141 | Y850: 17173.45 | Z850: 32.68 | AA850: =Y850/Z850 -> 525.50337 | AB850: =(AA850/Y850)*100 -> 3.0599755
A851: 850 | B851: 45814 | C851: 45201565 | D851: =C851/E851 -> 526910.75 | E851: 85.786 | F851: =D851/100000 -> 5.2691075 | G851: =(F851/DataSheet!$C$12*100) -> 140.10565 | H851: =K851/I851 -> 1.399881 | I851: =(J851/L851)*100 -> 4.4503783 | J851: =L851/O851 -> 1112.7303 | K851: 6.23 | L851: 25003.05 | M851: 3.65 | N851: =K851-I851 -> 1.7796217 | O851: 22.47 | P851: 4.505 | Q851: =K851-P851 -> 1.725 | R851: 99.142 | S851: =(O851*T851) -> 117.0687 | T851: 5.21 | U851: 21688.6 | V851: 34.7 | W851: =U851/V851 -> 625.0317 | X851: =(W851/U851)*100 -> 2.8818444 | Y851: 17285.75 | Z851: 32.89 | AA851: =Y851/Z851 -> 525.56248 | AB851: =(AA851/Y851)*100 -> 3.0404378
A852: 851 | B852: 45817 | C852: 45587212 | D852: =C852/E852 -> 532125.74 | E852: 85.67 | F852: =D852/100000 -> 5.3212574 | G852: =(F852/DataSheet!$C$12*100) -> 141.49232 | H852: =K852/I852 -> 1.414512 | I852: =(J852/L852)*100 -> 4.4326241 | J852: =L852/O852 -> 1112.7305 | K852: 6.27 | L852: 25103.2 | M852: 3.66 | N852: =K852-I852 -> 1.8373759 | O852: 22.56 | P852: 4.475 | Q852: =K852-P852 -> 1.795 | R852: 98.442 | S852: =(O852*T852) -> 117.5376 | T852: 5.21 | U852: 21908.35 | V852: 35.05 | W852: =U852/V852 -> 625.05991 | X852: =(W852/U852)*100 -> 2.853067 | Y852: 17515.15 | Z852: 33.33 | AA852: =Y852/Z852 -> 525.50705 | AB852: =(AA852/Y852)*100 -> 3.0003
... A861: 860 | B861: 45828 | C861: 44875555 | D861: =C861/E861 -> 518313.18 | E861: 86.58 | F861: =D861/100000 -> 5.1831318 | G861: =(F861/DataSheet!$C$12*100) -> 137.81956 | H861: =K861/I861 -> 1.424167 | I861: =(J861/L861)*100 -> 4.4306602 | J861: =L861/O861 -> 1112.6451 | K861: 6.31 | L861: 25112.4 | M861: 3.65 | N861: =K861-I861 -> 1.8793398 | O861: 22.57 | P861: 4.376 | Q861: =K861-P861 -> 1.934 | R861: 98.282 | S861: =(O861*T861) -> 117.5897 | T861: 5.21 | U861: 21285.45 | V861: 34.04 | W861: =U861/V861 -> 625.30699 | X861: =(W861/U861)*100 -> 2.9377203 | Y861: 16916.95 | Z861: 32.18 | AA861: =Y861/Z861 -> 525.69764 | AB861: =(AA861/Y861)*100 -> 3.1075202
A862: 861 | B862: 45831 | C862: 44873819 | D862: =C862/E862 -> 518293.13 | E862: 86.58 | F862: =D862/100000 -> 5.1829313 | G862: =(F862/[1]DataSheet!$C$12*100) -> 140.84052 | H862: =K862/I862 -> 1.41372 | I862: =(J862/L862)*100 -> 4.456328 | J862: =L862/O862 -> 1112.8298 | K862: 6.3 | L862: 24971.9 | M862: 3.63 | N862: =K862-I862 -> 1.843672 | O862: 22.44 | P862: 4.341 | Q862: =K862-P862 -> 1.959 | R862: 98.01 | S862: =(O862*T862) -> 118.2588 | T862: 5.27 | U862: 21371.3 | V862: 34.18 | W862: =U862/V862 -> 625.25746 | X862: =(W862/U862)*100 -> 2.9256875 | Y862: 17048 | Z862: 32.43 | AA862: =Y862/Z862 -> 525.68609 | AB862: =(AA862/Y862)*100 -> 3.0835646
A863: 862 | B863: 45832 | C863: 45115725 | D863: =C863/E863 -> 524943.27 | E863: 85.944 | F863: =D863/100000 -> 5.2494327 | G863: =(F863/[1]DataSheet!$C$12*100) -> 142.64763 | H863: =K863/I863 -> 1.404624 | I863: =(J863/L863)*100 -> 4.44247 | J863: =L863/O863 -> 1112.5877 | K863: 6.24 | L863: 25044.35 | M863: 3.64 | N863: =K863-I863 -> 1.79753 | O863: 22.51 | P863: 4.294 | Q863: =K863-P863 -> 1.946 | R863: 97.45 | S863: =(O863*T863) -> 117.7273 | T863: 5.23 | U863: 21523.05 | V863: 34.42 | W863: =U863/V863 -> 625.30651 | X863: =(W863/U863)*100 -> 2.9052876 | Y863: 17180.3 | Z863: 32.66 | AA863: =Y863/Z863 -> 526.03491 | AB863: =(AA863/Y863)*100 -> 3.0618494
A864: 863 | B864: 45833 | C864: 45510346 | D864: =C864/E864 -> 528944.04 | E864: 86.04 | F864: =D864/100000 -> 5.2894404 | G864: =(F864/[1]DataSheet!$C$12*100) -> 143.73479 | H864: =K864/I864 -> 1.424932 | I864: =(J864/L864)*100 -> 4.4072279 | J864: =L864/O864 -> 1112.5937 | K864: 6.28 | L864: 25244.75 | M864: 3.67 | N864: =K864-I864 -> 1.8727721 | O864: 22.69 | P864: 4.29 | Q864: =K864-P864 -> 1.99 | R864: 97.273 | S864: =(O864*T864) -> 119.3494 | T864: 5.26 | U864: 21640.65 | V864: 34.61 | W864: =U864/V864 -> 625.2716 | X864: =(W864/U864)*100 -> 2.8893383 | Y864: 17455.6 | Z864: 33.19 | AA864: =Y864/Z864 -> 525.9295 | AB864: =(AA864/Y864)*100 -> 3.0129557
A865: 864 | B865: 45834 | C865: 45858292 | D865: =C865/E865 -> 535477.49 | E865: 85.64 | F865: =D865/100000 -> 5.3547749 | G865: =(F865/[1]DataSheet!$C$12*100) -> 145.51019 | H865: =K865/I865 -> 1.439592 | I865: =(J865/L865)*100 -> 4.3554007 | J865: =L865/O865 -> 1112.7613 | K865: 6.27 | L865: 25549 | M865: 3.72 | N865: =K865-I865 -> 1.9145993 | O865: 22.96 | P865: 4.245 | Q865: =K865-P865 -> 2.025 | R865: 96.762 | S865: =(O865*T865) -> 122.1472 | T865: 5.32 | U865: 21753.15 | V865: 34.79 | W865: =U865/V865 -> 625.27019 | X865: =(W865/U865)*100 -> 2.8743892 | Y865: 17500.5 | Z865: 33.27 | AA865: =Y865/Z865 -> 526.01443 | AB865: =(AA865/Y865)*100 -> 3.0057109
A866: 865 | B866: 45835 | C866: 46113059 | D866: =C866/E866 -> 539618.04 | E866: 85.455 | F866: =D866/100000 -> 5.3961804 | G866: =(F866/[1]DataSheet!$C$12*100) -> 146.63534 | H866: =K866/I866 -> 1.453824 | I866: =(J866/L866)*100 -> 4.3402778 | J866: =L866/O866 -> 1112.7517 | K866: 6.31 | L866: 25637.8 | M866: 3.73 | N866: =K866-I866 -> 1.9697222 | O866: 23.04 | P866: 4.274 | Q866: =K866-P866 -> 2.036 | R866: 97.031 | S866: =(O866*T866) -> 122.3424 | T866: 5.31 | U866: 21840.2 | V866: 34.86 | W866: =U866/V866 -> 626.51176 | X866: =(W866/U866)*100 -> 2.8686173 | Y866: 17642.3 | Z866: 33.54 | AA866: =Y866/Z866 -> 526.00775 | AB866: =(AA866/Y866)*100 -> 2.9815146
A867: 866 | B867: 45838 | C867: 46219613 | D867: =C867/E867 -> 539318.7 | E867: 85.7 | F867: =D867/100000 -> 5.393187 | G867: =(F867/[1]DataSheet!$C$12*100) -> 146.554 | H867: =K867/I867 -> 1.449407 | I867: =(J867/L867)*100 -> 4.3535046 | J867: =L867/O867 -> 1110.8859 | K867: 6.31 | L867: 25517.05 | M867: 3.7 | N867: =K867-I867 -> 1.9564954 | O867: 22.97 | P867: 4.231 | Q867: =K867-P867 -> 2.079 | R867: 96.493 | S867: =(O867*T867) -> 121.2816 | T867: 5.28 | U867: 21988.65 | V867: 35.27 | W867: =U867/V867 -> 623.43777 | X867: =(W867/U867)*100 -> 2.8352708 | Y867: 17797.8 | Z867: 33.87 | AA867: =Y867/Z867 -> 525.47387 | AB867: =(AA867/Y867)*100 -> 2.9524653
A868: 867 | B868: 45839 | C868: 46235986 | D868: =C868/E868 -> 539950.78 | E868: 85.63 | F868: =D868/100000 -> 5.3995078 | G868: =(F868/[1]DataSheet!$C$12*100) -> 146.72576 | H868: =K868/I868 -> 1.446071 | I868: =(J868/L868)*100 -> 4.3497173 | J868: =L868/O868 -> 1110.9961 | K868: 6.29 | L868: 25541.8 | M868: 3.7 | N868: =K868-I868 -> 1.9402827 | O868: 22.99 | P868: 4.241 | Q868: =K868-P868 -> 2.049 | R868: 96.467 | S868: =(O868*T868) -> 121.847 | T868: 5.3 | U868: 21951.05 | V868: 35.21 | W868: =U868/V868 -> 623.43226 | X868: =(W868/U868)*100 -> 2.8401022 | Y868: 17762 | Z868: 33.8 | AA868: =Y868/Z868 -> 525.50296 | AB868: =(AA868/Y868)*100 -> 2.9585799
A869: 868 | B869: 45840 | C869: 46190275 | D869: =C869/E869 -> 539448.47 | E869: 85.625 | F869: =D869/100000 -> 5.3944847 | G869: =(F869/[1]DataSheet!$C$12*100) -> 146.58926 | H869: =K869/I869 -> 1.438748 | I869: =(J869/L869)*100 -> 4.3649062 | J869: =L869/O869 -> 1111.017 | K869: 6.28 | L869: 25453.4 | M869: 3.69 | N869: =K869-I869 -> 1.9150938 | O869: 22.91 | P869: 4.282 | Q869: =K869-P869 -> 1.998 | R869: 96.429 | S869: =(O869*T869) -> 120.5066 | T869: 5.26 | U869: 21940.15 | V869: 35.19 | W869: =U869/V869 -> 623.47684 | X869: =(W869/U869)*100 -> 2.8417164 | Y869: 17693.1 | Z869: 33.67 | AA869: =Y869/Z869 -> 525.4856 | AB869: =(AA869/Y869)*100 -> 2.970003
A870: 869 | B870: 45841 | C870: 46140295 | D870: =C870/E870 -> 540075.78 | E870: 85.433 | F870: =D870/100000 -> 5.4007578 | G870: =(F870/[1]DataSheet!$C$12*100) -> 146.75972 | H870: =K870/I870 -> 1.436236 | I870: =(J870/L870)*100 -> 4.3725404 | J870: =L870/O870 -> 1110.857 | K870: 6.28 | L870: 25405.3 | M870: 3.68 | N870: =K870-I870 -> 1.9074596 | O870: 22.87 | P870: 4.346 | Q870: =K870-P870 -> 1.934 | R870: 96.822 | S870: =(O870*T870) -> 119.6101 | T870: 5.23 | U870: 21977.25 | V870: 35.25 | W870: =U870/V870 -> 623.46809 | X870: =(W870/U870)*100 -> 2.8368794 | Y870: 17758.05 | Z870: 33.79 | AA870: =Y870/Z870 -> 525.54158 | AB870: =(AA870/Y870)*100 -> 2.9594555
A871: 870 | B871: 45842 | C871: 46235859 | D871: =C871/E871 -> 540789.26 | E871: 85.497 | F871: =D871/100000 -> 5.4078926 | G871: =(F871/[1]DataSheet!$C$12*100) -> 146.9536 | H871: =K871/I871 -> 1.441668 | I871: =(J871/L871)*100 -> 4.3630017 | J871: =L871/O871 -> 1110.8639 | K871: 6.29 | L871: 25461 | M871: 3.69 | N871: =K871-I871 -> 1.9269983 | O871: 22.92 | P871: 4.328 | Q871: =K871-P871 -> 1.962 | R871: 96.822 | S871: =(O871*T871) -> 119.6424 | T871: 5.22 | U871: 21973.15 | V871: 35.24 | W871: =U871/V871 -> 623.52866 | X871: =(W871/U871)*100 -> 2.8376844 | Y871: 17762.2 | Z871: 33.79 | AA871: =Y871/Z871 -> 525.6644 | AB871: =(AA871/Y871)*100 -> 2.9594555
A872: 871 | B872: 45845 | C872: 46217826 | D872: =C872/E872 -> 538920.55 | E872: 85.76 | F872: =D872/100000 -> 5.3892055 | G872: =(F872/[1]DataSheet!$C$12*100) -> 146.4458 | H872: =K872/I872 -> 1.4425848 | I872: =(J872/L872)*100 -> 4.3630017 | J872: =L872/O872 -> 1110.877 | K872: 6.294 | L872: 25461.3 | M872: 3.65 | N872: =K872-I872 -> 1.9309983 | O872: 22.92 | P872: 4.382 | Q872: =K872-P872 -> 1.912 | R872: 97.141 | S872: =(O872*T872) -> 121.476 | T872: 5.3 | U872: 21916.3 | V872: 35.15 | W872: =U872/V872 -> 623.50782 | X872: =(W872/U872)*100 -> 2.8449502 | Y872: 17726.35 | Z872: 33.72 | AA872: =Y872/Z872 -> 525.69247 | AB872: =(AA872/Y872)*100 -> 2.9655991
A873: 872 | B873: 45846 | C873: 46248541 | D873: =C873/E873 -> 539278.69 | E873: 85.76 | F873: =D873/100000 -> 5.3927869 | G873: =(F873/[1]DataSheet!$C$12*100) -> 146.54312 | H873: =K873/I873 -> 1.4484882 | I873: =(J873/L873)*100 -> 4.3535046 | J873: =L873/O873 -> 1111.1232 | K873: 6.306 | L873: 25522.5 | M873: 3.66 | N873: =K873-I873 -> 1.9524954 | O873: 22.97 | P873: 4.417 | Q873: =K873-P873 -> 1.889 | R873: 97.172 | S873: =(O873*T873) -> 122.4301 | T873: 5.33 | U873: 21886.15 | V873: 35.1 | W873: =U873/V873 -> 623.53704 | X873: =(W873/U873)*100 -> 2.8490028 | Y873: 17684.8 | Z873: 33.64 | AA873: =Y873/Z873 -> 525.70749 | AB873: =(AA873/Y873)*100 -> 2.9726516
... A941: 940 | B941: 45945 | C941: 46457631 | D941: =C941/E941 -> 529069.93 | E941: 87.81 | F941: =D941/100000 -> 5.2906993 | G941: =(F941/[1]DataSheet!$C$12*100) -> 143.769 | H941: =K941/I941 -> 1.4517676 | I941: =(J941/L941)*100 -> 4.4662796 | J941: =L941/O941 -> 1131.0205 | K941: 6.484 | L941: 25323.55 | M941: 3.46 | N941: =K941-I941 -> 2.0177204 | O941: 22.39 | P941: 4.045 | Q941: =K941-P941 -> 2.439 | R941: 98.541 | S941: =(O941*T941) -> 121.3538 | T941: 5.42 | U941: 21796.5 | V941: 34.07 | W941: =U941/V941 -> 639.75638 | X941: =(W941/U941)*100 -> 2.9351335 | Y941: 17052 | Z941: 30.6 | AA941: =Y941/Z941 -> 557.2549 | AB941: =(AA941/Y941)*100 -> 3.2679739
A942: 941 | B942: 45946 | C942: 46763951 | D942: =C941/E942 -> 527981.62 | E942: 87.991 | F942: =D942/100000 -> 5.2798162 | G942: =(F942/[1]DataSheet!$C$12*100) -> 143.47327 | H942: =K942/I942 -> 1.476181 | I942: =(J942/L942)*100 -> 4.4052863 | J942: =L942/O942 -> 1127.1057 | K942: 6.503 | L942: 25585.3 | M942: 3.5 | N942: =K942-I942 -> 2.0977137 | O942: 22.7 | P942: 3.976 | Q942: =K942-P942 -> 2.527 | R942: 98.092 | S942: =(O942*T942) -> 123.261 | T942: 5.43 | U942: 21900.9 | V942: 34.21 | W942: =U942/V942 -> 640.19 | X942: =(W942/U942)*100 -> 2.9231219 | Y942: 17117.2 | Z942: 30.7 | AA942: =Y942/Z942 -> 557.56352 | AB942: =(AA942/Y942)*100 -> 3.257329
A943: 942 | B943: 45947 | C943: 46761076 | D943: =C942/E943 -> 531390.42 | E943: 88.003 | F943: =D943/100000 -> 5.3139042 | G943: =(F943/[1]DataSheet!$C$12*100) -> 144.39957 | H943: =K943/I943 -> 1.4820668 | I943: =(J943/L943)*100 -> 4.3898156 | J943: =L943/O943 -> 1128.615 | K943: 6.506 | L943: 25709.85 | M943: 3.52 | N943: =K943-I943 -> 2.1161844 | O943: 22.78 | P943: 4.009 | Q943: =K943-P943 -> 2.497 | R943: 98.192 | S943: =(O943*T943) -> 123.6954 | T943: 5.43 | U943: 21782.8 | V943: 33.99 | W943: =U943/V943 -> 640.85908 | X943: =(W943/U943)*100 -> 2.9420418 | Y943: 17076.55 | Z943: 30.55 | AA943: =Y943/Z943 -> 558.97054 | AB943: =(AA943/Y943)*100 -> 3.2733224
A944: 943 | B944: 45950 | C944: 47023826 | D944: =C943/E944 -> 532131.74 | E944: 87.875 | F944: =D944/100000 -> 5.3213174 | G944: =(F944/[1]DataSheet!$C$12*100) -> 144.60102 | H944: =K944/I944 -> 1.4786176 | I944: =(J944/L944)*100 -> 4.4014085 | J944: =L944/O944 -> 1137.4626 | K944: 6.508 | L944: 25843.15 | M944: 3.53 | N944: =K944-I944 -> 2.1065915 | O944: 22.72 | P944: 3.988 | Q944: =K944-P944 -> 2.52 | R944: 98.355 | S944: =(O944*T944) -> 123.824 | T944: 5.45 | U944: 21924.85 | V944: 34.43 | W944: =U944/V944 -> 636.79495 | X944: =(W944/U944)*100 -> 2.9044438 | Y944: 17167.4 | Z944: 30.77 | AA944: =Y944/Z944 -> 557.92655 | AB944: =(AA944/Y944)*100 -> 3.2499188
A945: 944 | B945: 45951 | C945: 47158512 | D945: =C944/E945 -> 534234.17 | E945: 88.021 | F945: =D945/100000 -> 5.3423417 | G945: =(F945/[1]DataSheet!$C$12*100) -> 145.17233 | H945: =K945/I945 -> 1.4796918 | I945: =(J945/L945)*100 -> 4.3975374 | J945: =L945/O945 -> 1137.5814 | K945: 6.507 | L945: 25868.6 | M945: 3.54 | N945: =K945-I945 -> 2.1094626 | O945: 22.74 | P945: 3.963 | Q945: =K945-P945 -> 2.544 | R945: 98.711 | S945: =(O945*T945) -> 123.933 | T945: 5.45 | U945: 21972.05 | V945: 34.5 | W945: =U945/V945 -> 636.87101 | X945: =(W945/U945)*100 -> 2.8985507 | Y945: 17286.7 | Z945: 30.98 | AA945: =Y945/Z945 -> 557.99548 | AB945: =(AA945/Y945)*100 -> 3.227889
A946: 945 | B946: 45953 | C946: 47102217 | D946: =C945/E946 -> 537241.39 | E946: 87.779 | F946: =D946/100000 -> 5.3724139 | G946: =(F946/[1]DataSheet!$C$12*100) -> 145.98951 | H946: =K946/I946 -> 1.4882764 | I946: =(J946/L946)*100 -> 4.3936731 | J946: =L946/O946 -> 1137.5835 | K946: 6.539 | L946: 25891.4 | M946: 3.54 | N946: =K946-I946 -> 2.1453269 | O946: 22.76 | P946: 3.989 | Q946: =K946-P946 -> 2.55 | R946: 98.729 | S946: =(O946*T946) -> 123.3592 | T946: 5.42 | U946: 21940.05 | V946: 34.45 | W946: =U946/V946 -> 636.86647 | X946: =(W946/U946)*100 -> 2.9027576 | Y946: 17245.55 | Z946: 30.91 | AA946: =Y946/Z946 -> 557.92786 | AB946: =(AA946/Y946)*100 -> 3.235199
A947: 946 | B947: 45954 | C947: 46967400 | D947: =C946/E947 -> 536251.85 | E947: 87.836 | F947: =D947/100000 -> 5.3625185 | G947: =(F947/[1]DataSheet!$C$12*100) -> 145.72061 | H947: =K947/I947 -> 1.4810311 | I947: =(J947/L947)*100 -> 4.411116 | J947: =L947/O947 -> 1137.854 | K947: 6.533 | L947: 25795.15 | M947: 3.53 | N947: =K947-I947 -> 2.121884 | O947: 22.67 | P947: 3.997 | Q947: =K947-P947 -> 2.536 | R947: 98.747 | S947: =(O947*T947) -> 124.2316 | T947: 5.48 | U947: 21890.9 | V947: 34.39 | W947: =U947/V947 -> 636.54842 | X947: =(W947/U947)*100 -> 2.907822 | Y947: 17219 | Z947: 30.86 | AA947: =Y947/Z947 -> 557.97148 | AB947: =(AA947/Y947)*100 -> 3.2404407
A948: 947 | B948: 45957 | C948: 47248641 | D948: =C947/E948 -> 532359.3 | E948: 88.225 | F948: =D948/100000 -> 5.323593 | G948: =(F948/[1]DataSheet!$C$12*100) -> 144.66285 | H948: =K948/I948 -> 1.4941928 | I948: =(J948/L948)*100 -> 4.3782837 | J948: =L948/O948 -> 1136.8673 | K948: 6.542 | L948: 25966.05 | M948: 3.55 | N948: =K948-I948 -> 2.1637163 | O948: 22.84 | P948: 3.997 | Q948: =K948-P948 -> 2.545 | R948: 98.563 | S948: =(O948*T948) -> 124.478 | T948: 5.45 | U948: 22064.65 | V948: 34.63 | W948: =U948/V948 -> 637.1542 | X948: =(W948/U948)*100 -> 2.8876697 | Y948: 17330.15 | Z948: 31.04 | AA948: =Y948/Z948 -> 558.31669 | AB948: =(AA948/Y948)*100 -> 3.2216495
A949: 948 | B949: 45958 | C949: 47188589 | D949: =C948/E949 -> 535553.14 | E949: 88.224 | F949: =D949/100000 -> 5.3555314 | G949: =(F949/[1]DataSheet!$C$12*100) -> 145.53075 | H949: =K949/I949 -> 1.4908306 | I949: =(J949/L949)*100 -> 4.3821209 | J949: =L949/O949 -> 1136.5557 | K949: 6.533 | L949: 25936.2 | M949: 3.55 | N949: =K949-I949 -> 2.1508791 | O949: 22.82 | P949: 3.983 | Q949: =K949-P949 -> 2.55 | R949: 98.453 | S949: =(O949*T949) -> 124.8254 | T949: 5.47 | U949: 22063 | V949: 34.6 | W949: =U949/V949 -> 637.65896 | X949: =(W949/U949)*100 -> 2.8901734 | Y949: 17346.4 | Z949: 30.86 | AA949: =Y949/Z949 -> 562.09981 | AB949: =(AA949/Y949)*100 -> 3.2404407
...

Sheet DataSheet
A1: Calender Year Decemebr | B1: GDP | C1: Trillion | D1: CY Change | E1: Median USDINR | F1: Median MarketCap to GDP | G1: Median BEER Ratio | H1: Median Preity Ratio | I1: Median Nifty Earning Yield | J1: Median Nifty Midcap Earning Yield | K1: Median Nifty Smallcap Yield | L1: Median India 10Year Yield | M1: Median 10 Year US Yield | N1: Median Yield Gap
A2: 2014 | B2: 2040 | C2: =B2/1000 -> 2.04 | E2: =MEDIAN('EVI 2025 Workings'!E2:E1048576) -> 82.915 | F2: =MEDIAN('EVI 2025 Workings'!G2:G1048576) -> 116.50305 | G2: =MEDIAN('EVI 2025 Workings'!H2:H1048576) -> 1.5455035 | H2: =MEDIAN('EVI 2025 Workings'!S2:S1048576) -> 1.4465 | I2: =MEDIAN('EVI 2025 Workings'!I2:I1048576) -> 4.5558087 | J2: =MEDIAN('EVI 2025 Workings'!X2:X1048576) -> 3.7230082 | K2: =MEDIAN('EVI 2025 Workings'!AB2:AB1048576) -> 3.8189816 | L2: =MEDIAN('EVI 2025 Workings'!K2:K1048576) -> 7.09 | M2: =MEDIAN('EVI 2025 Workings'!P2:P1048576) -> 3.98 | N2: =MEDIAN('EVI 2025 Workings'!N2:N1048576) -> 2.5185076
A3: 2015 | B3: 2100 | C3: =B3/1000 -> 2.1 | D3: =((B3-B2)/B2) -> 0.029411765
A4: 2016 | B4: 2294.8 | C4: =B4/1000 -> 2.2948 | D4: =((B4-B3)/B3) -> 0.092761905
A5: 2017 | B5: 2651.47 | C5: =B5/1000 -> 2.65147 | D5: =((B5-B4)/B4) -> 0.15542531
A6: 2018 | B6: 2702.93 | C6: =B6/1000 -> 2.70293 | D6: =((B6-B5)/B5) -> 0.019408102
A7: 2019 | B7: 2835.61 | C7: =B7/1000 -> 2.83561 | D7: =((B7-B6)/B6) -> 0.049087472
A8: 2020 | B8: 2674.85 | C8: =B8/1000 -> 2.67485 | D8: =((B8-B7)/B7) -> -0.056693269
A9: 2021 | B9: 3167.27 | C9: =B9/1000 -> 3.16727 | D9: =((B9-B8)/B8) -> 0.18409257
A10: 2022 | B10: 3346.11 | C10: =B10/1000 -> 3.34611 | D10: =((B10-B9)/B9) -> 0.056465031 | E10: 82.71 | F10: 108.03 | G10: 1.6 | H10: 1.38 | I10: 4.59 | J10: 3.83 | K10: 5.25 | L10: 7.32 | M10: 3.87 | N10: 3.45
A11: 2023 | B11: 3638.49 | C11: =B11/1000 -> 3.63849 | D11: =((B11-B10)/B10) -> 0.087379076 | E11: 83.19 | F11: 132.54 | G11: 1.66 | H11: 1.6 | I11: 4.32 | J11: 3.77 | K11: 3.65 | L11: 7.17 | M11: 3.86 | N11: 3.31
A12: 2024 | B12: 3760.81 | C12: =B12/1000 -> 3.76081 | D12: =((B12-B11)/B11) -> 0.033618342 | E12: 85.55 | F12: 145.2 | G12: 1.47 | H12: 1.43 | I12: 4.59 | J12: 2.31 | K12: 2.91 | L12: 6.76 | M12: 4.57 | N12: 2.19
A13: 2025 | B13: 3956.07 | C13: =B13/1000 -> 3.95607 | D13: =((B13-B12)/B12) -> 0.051919666

Sheet EVI 2025 Workings
A1: S.no | B1: Date | C1: Market Cap | D1: US $ | E1: USD/INR | F1: Trillion | G1: Market Cap to GDP | H1: BEER | I1: Nifty 50 Earning Yield | J1: NIFTY 50 EPS | K1: India 10Yr Yield | L1: Nifty 50 | M1: Price to Book | N1: Yield Gap | O1: Nifty 50 pe | P1: US 10yr Bond | Q1: India yr- US 10yr | R1: Dollar index | S1: PREITY Ratio | T1: 91 day T Bill | U1: Nifty Midcap 150 | V1: Midcap 150 PE | W1: Midcap EPS | X1: Midcap Earning Yield | Y1: Nifty Smallcap 250 | Z1: Smallcap 250 PE | AA1: Smallcap EPS | AB1: Smallcap Earning Yield
A2: 1 | B2: 44564 | C2: 26941905 | D2: =C2/E2 -> 362122.38 | E2: 74.4 | F2: =D2/100000 -> 3.6212238 | G2: =(F2/DataSheet!$C$9*100) -> 114.33265 | H2: =K2/I2 -> 1.582054 | I2: =(J2/L2)*100 -> 4.0832993 | J2: =L2/O2 -> 719.71009 | K2: 6.46 | L2: 17625.7 | M2: 4.44 | N2: =K2-I2 -> 2.3767007 | O2: 24.49 | P2: 1.637 | Q2: =K2-P2 -> 4.823 | R2: 96.211 | S2: =(O2*T2)/100 -> 0.879191 | T2: 3.59 | U2: 30788 | V2: 30.88 | W2: =U2/V2 -> 997.02073 | X2: =(W2/U2)*100 -> 3.238342 | Y2: 9966.35 | Z2: 31.44 | AA2: =Y2/Z2 -> 316.99587 | AB2: =(AA2/Y2)*100 -> 3.1806616
A3: 2 | B3: 44565 | C3: 27136807 | D3: =C3/E3 -> 364105.82 | E3: 74.53 | F3: =D3/100000 -> 3.6410582 | G3: =(F3/DataSheet!$C$9*100) -> 114.95888 | H3: =K3/I3 -> 1.6125532 | I3: =(J3/L3)*100 -> 4.0420372 | J3: =L3/O3 -> 719.69483 | K3: 6.518 | L3: 17805.25 | M3: 4.49 | N3: =K3-I3 -> 2.4759628 | O3: 24.74 | P3: 1.649 | Q3: =K3-P3 -> 4.869 | R3: 96.274 | S3: =(O3*T3)/100 -> 0.89064 | T3: 3.6 | U3: 30870.35 | V3: 30.96 | W3: =U3/V3 -> 997.10433 | X3: =(W3/U3)*100 -> 3.2299742 | Y3: 10018.45 | Z3: 31.61 | AA3: =Y3/Z3 -> 316.93926 | AB3: =(AA3/Y3)*100 -> 3.1635558
A4: 3 | B4: 44566 | C4: 27008660 | D4: =C4/E4 -> 363581.61 | E4: 74.285 | F4: =D4/100000 -> 3.6358161 | G4: =(F4/DataSheet!$C$9*100) -> 114.79337 | H4: =K4/I4 -> 1.6211428 | I4: =(J4/L4)*100 -> 4.014452 | J4: =L4/O4 -> 719.60056 | K4: 6.508 | L4: 17925.25 | M4: 4.52 | N4: =K4-I4 -> 2.493548 | O4: 24.91 | P4: 1.7 | Q4: =K4-P4 -> 4.808 | R4: 96.182 | S4: =(O4*T4)/100 -> 0.891778 | T4: 3.58 | U4: 30917.55 | V4: 30.97 | W4: =U4/V4 -> 998.30643 | X4: =(W4/U4)*100 -> 3.2289312 | Y4: 10024.3 | Z4: 31.62 | AA4: =Y4/Z4 -> 317.02404 | AB4: =(AA4/Y4)*100 -> 3.1625553
A5: 4 | B5: 44567 | C5: 27117001 | D5: =C5/E5 -> 364549.32 | E5: 74.385 | F5: =D5/100000 -> 3.6454932 | G5: =(F5/DataSheet!$C$9*100) -> 115.09891 | H5: =K5/I5 -> 1.609065 | I5: =(J5/L5)*100 -> 4.05515 | J5: =L5/O5 -> 719.62287 | K5: 6.525 | L5: 17745.9 | M5: 4.47 | N5: =K5-I5 -> 2.46985 | O5: 24.66 | P5: 1.728 | Q5: =K5-P5 -> 4.797 | R5: 96.326 | S5: =(O5*T5)/100 -> 0.880362 | T5: 3.57 | U5: 30956.85 | V5: 30.95 | W5: =U5/V5 -> 1000.2213 | X5: =(W5/U5)*100 -> 3.2310178 | Y5: 10034.95 | Z5: 31.66 | AA5: =Y5/Z5 -> 316.95989 | AB5: =(AA5/Y5)*100 -> 3.1585597
A6: 5 | B6: 44568 | C6: 27237049 | D6: =C6/E6 -> 366690.67 | E6: 74.278 | F6: =D6/100000 -> 3.6669067 | G6: =(F6/DataSheet!$C$9*100) -> 115.77499 | H6: =K6/I6 -> 1.619145 | I6: =(J6/L6)*100 -> 4.040404 | J6: =L6/O6 -> 719.70505 | K6: 6.542 | L6: 17812.7 | M6: 4.49 | N6: =K6-I6 -> 2.501596 | O6: 24.75 | P6: 1.765 | Q6: =K6-P6 -> 4.777 | R6: 95.722 | S6: =(O6*T6)/100 -> 0.891 | T6: 3.6 | U6: 31111.55 | V6: 31.06 | W6: =U6/V6 -> 1001.6597 | X6: =(W6/U6)*100 -> 3.219575 | Y6: 10076.6 | Z6: 31.79 | AA6: =Y6/Z6 -> 316.97389 | AB6: =(AA6/Y6)*100 -> 3.1456433
A7: 6 | B7: 44571 | C7: 27464164 | D7: =C7/E7 -> 371012 | E7: 74.025 | F7: =D7/100000 -> 3.71012 | G7: =(F7/DataSheet!$C$9*100) -> 117.13937 | H7: =K7/I7 -> 1.648159 | I7: =(J7/L7)*100 -> 3.9984006 | J7: =L7/O7 -> 719.84406 | K7: 6.59 | L7: 18003.3 | M7: 4.54 | N7: =K7-I7 -> 2.5915994 | O7: 25.01 | P7: 1.755 | Q7: =K7-P7 -> 4.835 | R7: 95.99 | S7: =(O7*T7)/100 -> 0.897859 | T7: 3.59 | U7: 31371.65 | V7: 31.27 | W7: =U7/V7 -> 1003.2507 | X7: =(W7/U7)*100 -> 3.1979533 | Y7: 10218.3 | Z7: 32.28 | AA7: =Y7/Z7 -> 316.55204 | AB7: =(AA7/Y7)*100 -> 3.0978934
A8: 7 | B8: 44572 | C8: 27523206 | D8: =C8/E8 -> 372857.28 | E8: 73.817 | F8: =D8/100000 -> 3.7285728 | G8: =(F8/DataSheet!$C$9*100) -> 117.72197 | H8: =K8/I8 -> 1.648413 | I8: =(J8/L8)*100 -> 3.9856517 | J8: =L8/O8 -> 719.6393 | K8: 6.57 | L8: 18055.75 | M8: 4.55 | N8: =K8-I8 -> 2.5843483 | O8: 25.09 | P8: 1.746 | Q8: =K8-P8 -> 4.824 | R8: 95.625 | S8: =(O8*T8)/100 -> 0.898222 | T8: 3.58 | U8: 31400.4 | V8: 31.32 | W8: =U8/V8 -> 1002.567 | X8: =(W8/U8)*100 -> 3.192848 | Y8: 10228.8 | Z8: 32.31 | AA8: =Y8/Z8 -> 316.5831 | AB8: =(AA8/Y8)*100 -> 3.095017
A9: 8 | B9: 44573 | C9: 27726856 | D9: =C9/E9 -> 375717.93 | E9: 73.797 | F9: =D9/100000 -> 3.7571793 | G9: =(F9/DataSheet!$C$9*100) -> 118.62517 | H9: =K9/I9 -> 1.668029 | I9: =(J9/L9)*100 -> 3.9525692 | J9: =L9/O9 -> 719.85573 | K9: 6.593 | L9: 18212.35 | M9: 4.59 | N9: =K9-I9 -> 2.6404308 | O9: 25.3 | P9: 1.752 | Q9: =K9-P9 -> 4.841 | R9: 94.901 | S9: =(O9*T9)/100 -> 0.90321 | T9: 3.57 | U9: 31791.55 | V9: 31.69 | W9: =U9/V9 -> 1003.2045 | X9: =(W9/U9)*100 -> 3.1555696 | Y9: 10292.35 | Z9: 32.51 | AA9: =Y9/Z9 -> 316.59028 | AB9: =(AA9/Y9)*100 -> 3.0759766
A10: 9 | B10: 44574 | C10: 27818875 | D10: =C10/E10 -> 376073.04 | E10: 73.972 | F10: =D10/100000 -> 3.7607304 | G10: =(F10/DataSheet!$C$9*100) -> 118.73729 | H10: =K10/I10 -> 1.6645257 | I10: =(J10/L10)*100 -> 3.9416634 | J10: =L10/O10 -> 719.66102 | K10: 6.561 | L10: 18257.8 | M10: 4.6 | N10: =K10-I10 -> 2.6193366 | O10: 25.37 | P10: 1.701 | Q10: =K10-P10 -> 4.86 | R10: 94.775 | S10: =(O10*T10)/100 -> 0.908246 | T10: 3.58 | U10: 31997.2 | V10: 31.85 | W10: =U10/V10 -> 1004.6217 | X10: =(W10/U10)*100 -> 3.1397174 | Y10: 10352.6 | Z10: 32.64 | AA10: =Y10/Z10 -> 317.17525 | AB10: =(AA10/Y10)*100 -> 3.0637255
A11: 10 | B11: 44575 | C11: 27857090 | D11: =C11/E11 -> 375655.24 | E11: 74.156 | F11: =D11/100000 -> 3.7565524 | G11: =(F11/DataSheet!$C$9*100) -> 118.60537 | H11: =K11/I11 -> 1.665246 | I11: =(J11/L11)*100 -> 3.9525692 | J11: =L11/O11 -> 721.57115 | K11: 6.582 | L11: 18255.75 | M11: 4.6 | N11: =K11-I11 -> 2.6294308 | O11: 25.3 | P11: 1.793 | Q11: =K11-P11 -> 4.789 | R11: 95.161 | S11: =(O11*T11)/100 -> 0.90827 | T11: 3.59 | U11: 31989.65 | V11: 31.84 | W11: =U11/V11 -> 1004.7001 | X11: =(W11/U11)*100 -> 3.1407035 | Y11: 10424 | Z11: 32.87 | AA11: =Y11/Z11 -> 317.12808 | AB11: =(AA11/Y11)*100 -> 3.0422878
A12: 11 | B12: 44578 | C12: 28010582 | D12: =C12/E12 -> 377221.49 | E12: 74.255 | F12: =D12/100000 -> 3.7722149 | G12: =(F12/DataSheet!$C$9*100) -> 119.09988 | H12: =K12/I12 -> 1.6835532 | I12: =(J12/L12)*100 -> 3.9416634 | J12: =L12/O12 -> 721.64367 | K12: 6.636 | L12: 18308.1 | M12: 4.61 | N12: =K12-I12 -> 2.6943366 | O12: 25.37 | P12: 1.809 | Q12: =K12-P12 -> 4.827 | R12: 95.161 | S12: =(O12*T12)/100 -> 0.91332 | T12: 3.6 | U12: 32040.6 | V12: 31.92 | W12: =U12/V12 -> 1003.7782 | X12: =(W12/U12)*100 -> 3.1328321 | Y12: 10471.85 | Z12: 33.01 | AA12: =Y12/Z12 -> 317.23266 | AB12: =(AA12/Y12)*100 -> 3.029385
A13: 12 | B13: 44579 | C13: 27634598 | D13: =C13/E13 -> 370610.85 | E13: 74.565 | F13: =D13/100000 -> 3.7061085 | G13: =(F13/DataSheet!$C$9*100) -> 117.01271 | H13: =K13/I13 -> 1.65675 | I13: =(J13/L13)*100 -> 4 | J13: =L13/O13 -> 724.522 | K13: 6.627 | L13: 18113.05 | M13: 4.56 | N13: =K13-I13 -> 2.627 | O13: 25 | P13: 1.875 | Q13: =K13-P13 -> 4.752 | R13: 95.723 | S13: =(O13*T13)/100 -> 0.9 | T13: 3.6 | U13: 31381.45 | V13: 31.32 | W13: =U13/V13 -> 1001.962 | X13: =(W13/U13)*100 -> 3.192848 | Y13: 10257.8 | Z13: 32.34 | AA13: =Y13/Z13 -> 317.18615 | AB13: =(AA13/Y13)*100 -> 3.0921459
... A249: 248 | B249: 44925 | C249: 28323372 | D249: =C249/E249 -> 342441.93 | E249: 82.71 | F249: =D249/100000 -> 3.4244193 | G249: =(F249/DataSheet!$C$9*100) -> 108.11896 | H249: =K249/I249 -> 1.595028 | I249: =(J249/L249)*100 -> 4.5892611 | J249: =L249/O249 -> 830.8995 | K249: 7.32 | L249: 18105.3 | M249: 4.25 | N249: =K249-I249 -> 2.7307389 | O249: 21.79 | P249: 3.87 | Q249: =K249-P249 -> 3.45 | R249: 103.26 | S249: =(O249*T249)/100 -> 1.381486 | T249: 6.34 | U249: 11885.75 | V249: 26.12 | W249: =U249/V249 -> 455.04403 | X249: =(W249/U249)*100 -> 3.8284839 | Y249: 9481.25 | Z249: 19.04 | AA249: =Y249/Z249 -> 497.96481 | AB249: =(AA249/Y249)*100 -> 5.2521008
A250: 249 | B250: 44928 | C250: 28454959 | D250: =C250/E250 -> 343908.14 | E250: 82.74 | F250: =D250/100000 -> 3.4390814 | G250: =(F250/DataSheet!$C$10*100) -> 102.77849 | H250: =K250/I250 -> 1.60746 | I250: =(J250/L250)*100 -> 4.56621 | J250: =L250/O250 -> 830.93379 | K250: 7.34 | L250: 18197.45 | M250: 4.27 | N250: =K250-I250 -> 2.77379 | O250: 21.9 | P250: 3.87 | Q250: =K250-P250 -> 3.47 | R250: 104.41 | S250: =(O250*T250)/100 -> 1.37751 | T250: 6.29 | U250: 11970.3 | V250: 26.31 | W250: =U250/V250 -> 454.97149 | X250: =(W250/U250)*100 -> 3.8008362 | Y250: 9552.8 | Z250: 19.18 | AA250: =Y250/Z250 -> 498.06048 | AB250: =(AA250/Y250)*100 -> 5.2137643
A251: 250 | B251: 44929 | C251: 28548826 | D251: =C251/E251 -> 344917.55 | E251: 82.77 | F251: =D251/100000 -> 3.4491755 | G251: =(F251/DataSheet!$C$10*100) -> 103.08016 | H251: =K251/I251 -> 1.606008 | I251: =(J251/L251)*100 -> 4.5578851 | J251: =L251/O251 -> 831.01869 | K251: 7.32 | L251: 18232.55 | M251: 4.28 | N251: =K251-I251 -> 2.7621149 | O251: 21.94 | P251: 3.75 | Q251: =K251-P251 -> 3.57 | R251: 104.31 | S251: =(O251*T251)/100 -> 1.38222 | T251: 6.3 | U251: 11994.4 | V251: 26.36 | W251: =U251/V251 -> 455.02276 | X251: =(W251/U251)*100 -> 3.7936267 | Y251: 9566.55 | Z251: 19.21 | AA251: =Y251/Z251 -> 497.99844 | AB251: =(AA251/Y251)*100 -> 5.2056221
A252: 251 | B252: 44930 | C252: 28257666 | D252: =C252/E252 -> 341936.91 | E252: 82.64 | F252: =D252/100000 -> 3.4193691 | G252: =(F252/DataSheet!$C$10*100) -> 102.18938 | H252: =K252/I252 -> 1.589172 | I252: =(J252/L252)*100 -> 4.6061723 | J252: =L252/O252 -> 831.08936 | K252: 7.32 | L252: 18042.95 | M252: 4.23 | N252: =K252-I252 -> 2.7138277 | O252: 21.71 | P252: 3.69 | Q252: =K252-P252 -> 3.63 | R252: 104.02 | S252: =(O252*T252)/100 -> 1.380756 | T252: 6.36 | U252: 11886.95 | V252: 26.12 | W252: =U252/V252 -> 455.08997 | X252: =(W252/U252)*100 -> 3.8284839 | Y252: 9480.9 | Z252: 19.04 | AA252: =Y252/Z252 -> 497.94643 | AB252: =(AA252/Y252)*100 -> 5.2521008
A253: 252 | B253: 44931 | C253: 28279706 | D253: =C253/E253 -> 342535.19 | E253: 82.56 | F253: =D253/100000 -> 3.4253519 | G253: =(F253/DataSheet!$C$10*100) -> 102.36818 | H253: =K253/I253 -> 1.58478 | I253: =(J253/L253)*100 -> 4.6189376 | J253: =L253/O253 -> 831.04619 | K253: 7.32 | L253: 17992.15 | M253: 4.22 | N253: =K253-I253 -> 2.7010624 | O253: 21.65 | P253: 3.72 | Q253: =K253-P253 -> 3.6 | R253: 104.82 | S253: =(O253*T253)/100 -> 1.379105 | T253: 6.37 | U253: 11932.85 | V253: 26.22 | W253: =U253/V253 -> 455.10488 | X253: =(W253/U253)*100 -> 3.8138825 | Y253: 9479.5 | Z253: 19.03 | AA253: =Y253/Z253 -> 498.13452 | AB253: =(AA253/Y253)*100 -> 5.2548607
A254: 253 | B254: 44932 | C254: 28057696 | D254: =C254/E254 -> 341044.08 | E254: 82.27 | F254: =D254/100000 -> 3.4104408 | G254: =(F254/DataSheet!$C$10*100) -> 101.92255 | H254: =K254/I254 -> 1.583813 | I254: =(J254/L254)*100 -> 4.6533271 | J254: =L254/O254 -> 831.05863 | K254: 7.37 | L254: 17859.45 | M254: 4.19 | N254: =K254-I254 -> 2.7166729 | O254: 21.49 | P254: 3.56 | Q254: =K254-P254 -> 3.81 | R254: 103.64 | S254: =(O254*T254)/100 -> 1.368913 | T254: 6.37 | U254: 11850.6 | V254: 26.04 | W254: =U254/V254 -> 455.09217 | X254: =(W254/U254)*100 -> 3.8402458 | Y254: 9406.75 | Z254: 18.89 | AA254: =Y254/Z254 -> 497.97512 | AB254: =(AA254/Y254)*100 -> 5.2938062
A255: 254 | B255: 44935 | C255: 28374278 | D255: =C255/E255 -> 345311.89 | E255: 82.17 | F255: =D255/100000 -> 3.4531189 | G255: =(F255/DataSheet!$C$10*100) -> 103.19801 | H255: =K255/I255 -> 1.598652 | I255: =(J255/L255)*100 -> 4.5913682 | J255: =L255/O255 -> 831.09275 | K255: 7.34 | L255: 18101.2 | M255: 4.25 | N255: =K255-I255 -> 2.7486318 | O255: 21.78 | P255: 3.52 | Q255: =K255-P255 -> 3.82 | R255: 102.73 | S255: =(O255*T255)/100 -> 1.389564 | T255: 6.38 | U255: 11948.9 | V255: 26.26 | W255: =U255/V255 -> 455.02285 | X255: =(W255/U255)*100 -> 3.8080731 | Y255: 9444.15 | Z255: 18.96 | AA255: =Y255/Z255 -> 498.10918 | AB255: =(AA255/Y255)*100 -> 5.2742616
A256: 255 | B256: 44936 | C256: 28164222 | D256: =C256/E256 -> 345149.78 | E256: 81.6 | F256: =D256/100000 -> 3.4514978 | G256: =(F256/DataSheet!$C$10*100) -> 103.14956 | H256: =K256/I256 -> 1.576036 | I256: =(J256/L256)*100 -> 4.6382189 | J256: =L256/O256 -> 830.8975 | K256: 7.31 | L256: 17914.15 | M256: 4.2 | N256: =K256-I256 -> 2.6717811 | O256: 21.56 | P256: 3.61 | Q256: =K256-P256 -> 3.7 | R256: 102.98 | S256: =(O256*T256)/100 -> 1.375528 | T256: 6.38 | U256: 11899.55 | V256: 26.15 | W256: =U256/V256 -> 455.04971 | X256: =(W256/U256)*100 -> 3.8240918 | Y256: 9398 | Z256: 18.87 | AA256: =Y256/Z256 -> 498.03922 | AB256: =(AA256/Y256)*100 -> 5.2994171
A257: 256 | B257: 44937 | C257: 28116864 | D257: =C257/E257 -> 344442.78 | E257: 81.63 | F257: =D257/100000 -> 3.4444278 | G257: =(F257/DataSheet!$C$10*100) -> 102.93827 | H257: =K257/I257 -> 1.568808 | I257: =(J257/L257)*100 -> 4.6468401 | J257: =L257/O257 -> 831.58457 | K257: 7.29 | L257: 17895.7 | M257: 4.2 | N257: =K257-I257 -> 2.6431599 | O257: 21.52 | P257: 3.54 | Q257: =K257-P257 -> 3.75 | R257: 102.92 | S257: =(O257*T257)/100 -> 1.37728 | T257: 6.4 | U257: 11862.85 | V257: 26.07 | W257: =U257/V257 -> 455.03836 | X257: =(W257/U257)*100 -> 3.8358266 | Y257: 9403.2 | Z257: 18.88 | AA257: =Y257/Z257 -> 498.05085 | AB257: =(AA257/Y257)*100 -> 5.2966102
A258: 257 | B258: 44938 | C258: 28079395 | D258: =C258/E258 -> 346231.75 | E258: 81.1 | F258: =D258/100000 -> 3.4623175 | G258: =(F258/DataSheet!$C$10*100) -> 103.47291 | H258: =K258/I258 -> 1.563016 | I258: =(J258/L258)*100 -> 4.6576619 | J258: =L258/O258 -> 831.77457 | K258: 7.28 | L258: 17858.2 | M258: 4.19 | N258: =K258-I258 -> 2.6223381 | O258: 21.47 | P258: 3.44 | Q258: =K258-P258 -> 3.84 | R258: 101.99 | S258: =(O258*T258)/100 -> 1.378374 | T258: 6.42 | U258: 11836.4 | V258: 26.01 | W258: =U258/V258 -> 455.07113 | X258: =(W258/U258)*100 -> 3.8446751 | Y258: 9409.4 | Z258: 18.89 | AA258: =Y258/Z258 -> 498.1154 | AB258: =(AA258/Y258)*100 -> 5.2938062
A259: 258 | B259: 44939 | C259: 28213564 | D259: =C259/E259 -> 347115.7 | E259: 81.28 | F259: =D259/100000 -> 3.471157 | G259: =(F259/DataSheet!$C$10*100) -> 103.73709 | H259: =K259/I259 -> 1.570266 | I259: =(J259/L259)*100 -> 4.6425255 | J259: =L259/O259 -> 833.63974 | K259: 7.29 | L259: 17956.6 | M259: 4.21 | N259: =K259-I259 -> 2.6474745 | O259: 21.54 | P259: 3.49 | Q259: =K259-P259 -> 3.8 | R259: 101.94 | S259: =(O259*T259)/100 -> 1.382868 | T259: 6.42 | U259: 11830.4 | V259: 26 | W259: =U259/V259 -> 455.01538 | X259: =(W259/U259)*100 -> 3.8461538 | Y259: 9436.25 | Z259: 18.94 | AA259: =Y259/Z259 -> 498.21806 | AB259: =(AA259/Y259)*100 -> 5.279831
A260: 259 | B260: 44942 | C260: 28147293 | D260: =C260/E260 -> 344857.79 | E260: 81.62 | F260: =D260/100000 -> 3.4485779 | G260: =(F260/DataSheet!$C$10*100) -> 103.0623 | H260: =K260/I260 -> 1.562088 | I260: =(J260/L260)*100 -> 4.6860356 | J260: =L260/O260 -> 838.55904 | K260: 7.32 | L260: 17894.85 | M260: 4.19 | N260: =K260-I260 -> 2.6339644 | O260: 21.34 | P260: 3.52 | Q260: =K260-P260 -> 3.8 | R260: 101.94 | S260: =(O260*T260)/100 -> 1.372162 | T260: 6.43 | U260: 11800.3 | V260: 26.16 | W260: =U260/V260 -> 451.0818 | X260: =(W260/U260)*100 -> 3.82263 | Y260: 9431.25 | Z260: 18.93 | AA260: =Y260/Z260 -> 498.21712 | AB260: =(AA260/Y260)*100 -> 5.2826202
A261: 260 | B261: 44943 | C261: 28272805 | D261: =C261/E261 -> 346353.11 | E261: 81.63 | F261: =D261/100000 -> 3.4635311 | G261: =(F261/DataSheet!$C$10*100) -> 103.50918 | H261: =K261/I261 -> 1.578149 | I261: =(J261/L261)*100 -> 4.6446818 | J261: =L261/O261 -> 838.51835 | K261: 7.33 | L261: 18053.3 | M261: 4.23 | N261: =K261-I261 -> 2.6853182 | O261: 21.53 | P261: 3.54 | Q261: =K261-P261 -> 3.79 | R261: 102.14 | S261: =(O261*T261)/100 -> 1.384379 | T261: 6.43 | U261: 11793.6 | V261: 26.03 | W261: =U261/V261 -> 453.07722 | X261: =(W261/U261)*100 -> 3.8417211 | Y261: 9417.95 | Z261: 18.87 | AA261: =Y261/Z261 -> 499.09645 | AB261: =(AA261/Y261)*100 -> 5.2994171
... A495: 494 | B495: 45289 | C495: 36937726 | D495: =C495/E495 -> 444016.42 | E495: 83.19 | F495: =D495/100000 -> 4.4401642 | G495: =(F495/DataSheet!$C$10*100) -> 132.6963 | H495: =K495/I495 -> 1.661289 | I495: =(J495/L495)*100 -> 4.3159258 | J495: =L495/O495 -> 937.91109 | K495: 7.17 | L495: 21731.4 | M495: 3.81 | N495: =K495-I495 -> 2.8540742 | O495: 23.17 | P495: 3.86 | Q495: =K495-P495 -> 3.31 | R495: 101.02 | S495: =(O495*T495)/100 -> 1.59873 | T495: 6.9 | U495: 17077.05 | V495: 26.51 | W495: =U495/V495 -> 644.1739 | X495: =(W495/U495)*100 -> 3.7721614 | Y495: 14041.3 | Z495: 27.37 | AA495: =Y495/Z495 -> 513.0179 | AB495: =(AA495/Y495)*100 -> 3.6536354
A496: 495 | B496: 45292 | C496: 37094900 | D496: =C496/E496 -> 445691.46 | E496: 83.23 | F496: =D496/100000 -> 4.4569146 | G496: =(F496/DataSheet!$C$11*100) -> 122.49352 | H496: =K496/I496 -> 1.666642 | I496: =(J496/L496)*100 -> 4.3140638 | J496: =L496/O496 -> 937.95945 | K496: 7.19 | L496: 21741.9 | M496: 3.81 | N496: =K496-I496 -> 2.8759362 | O496: 23.18 | P496: 3.89 | Q496: =K496-P496 -> 3.3 | R496: 101.02 | S496: =(O496*T496)/100 -> 1.608692 | T496: 6.94 | U496: 17174 | V496: 26.66 | W496: =U496/V496 -> 644.18605 | X496: =(W496/U496)*100 -> 3.7509377 | Y496: 14129.7 | Z496: 27.54 | AA496: =Y496/Z496 -> 513.061 | AB496: =(AA496/Y496)*100 -> 3.6310821
A497: 496 | B497: 45293 | C497: 37029724 | D497: =C497/E497 -> 444694.65 | E497: 83.27 | F497: =D497/100000 -> 4.4469465 | G497: =(F497/DataSheet!$C$11*100) -> 122.21956 | H497: =K497/I497 -> 1.6632 | I497: =(J497/L497)*100 -> 4.3290043 | J497: =L497/O497 -> 937.91342 | K497: 7.2 | L497: 21665.8 | M497: 3.79 | N497: =K497-I497 -> 2.8709957 | O497: 23.1 | P497: 3.94 | Q497: =K497-P497 -> 3.26 | R497: 101.89 | S497: =(O497*T497)/100 -> 1.60083 | T497: 6.93 | U497: 17148.1 | V497: 26.62 | W497: =U497/V497 -> 644.18107 | X497: =(W497/U497)*100 -> 3.756574 | Y497: 14124.25 | Z497: 27.53 | AA497: =Y497/Z497 -> 513.0494 | AB497: =(AA497/Y497)*100 -> 3.632401
A498: 497 | B498: 45294 | C498: 37019529 | D498: =C498/E498 -> 444518.84 | E498: 83.28 | F498: =D498/100000 -> 4.4451884 | G498: =(F498/DataSheet!$C$11*100) -> 122.17124 | H498: =K498/I498 -> 1.653974 | I498: =(J498/L498)*100 -> 4.3591979 | J498: =L498/O498 -> 937.98387 | K498: 7.21 | L498: 21517.35 | M498: 3.77 | N498: =K498-I498 -> 2.8508021 | O498: 22.94 | P498: 3.92 | Q498: =K498-P498 -> 3.29 | R498: 102.19 | S498: =(O498*T498)/100 -> 1.589742 | T498: 6.93 | U498: 17189.95 | V498: 26.68 | W498: =U498/V498 -> 644.30097 | X498: =(W498/U498)*100 -> 3.7481259 | Y498: 14141 | Z498: 27.57 | AA498: =Y498/Z498 -> 512.91259 | AB498: =(AA498/Y498)*100 -> 3.6271309
A499: 498 | B499: 45295 | C499: 37346699 | D499: =C499/E499 -> 448662.89 | E499: 83.24 | F499: =D499/100000 -> 4.4866289 | G499: =(F499/DataSheet!$C$11*100) -> 123.31019 | H499: =K499/I499 -> 1.667098 | I499: =(J499/L499)*100 -> 4.3308792 | J499: =L499/O499 -> 938.0078 | K499: 7.22 | L499: 21658.6 | M499: 3.79 | N499: =K499-I499 -> 2.8891208 | O499: 23.09 | P499: 4 | Q499: =K499-P499 -> 3.22 | R499: 102.13 | S499: =(O499*T499)/100 -> 1.607064 | T499: 6.96 | U499: 17443.75 | V499: 27.07 | W499: =U499/V499 -> 644.39416 | X499: =(W499/U499)*100 -> 3.6941263 | Y499: 14286.3 | Z499: 27.85 | AA499: =Y499/Z499 -> 512.97307 | AB499: =(AA499/Y499)*100 -> 3.5906643
A500: 499 | B500: 45296 | C500: 37448192 | D500: =C500/E500 -> 450640.1 | E500: 83.1 | F500: =D500/100000 -> 4.506401 | G500: =(F500/DataSheet!$C$11*100) -> 123.8536 | H500: =K500/I500 -> 1.673745 | I500: =(J500/L500)*100 -> 4.3196544 | J500: =L500/O500 -> 937.83153 | K500: 7.23 | L500: 21710.8 | M500: 3.8 | N500: =K500-I500 -> 2.9103456 | O500: 23.15 | P500: 4.05 | Q500: =K500-P500 -> 3.18 | R500: 102.12 | S500: =(O500*T500)/100 -> 1.604295 | T500: 6.93 | U500: 17499.65 | V500: 27.16 | W500: =U500/V500 -> 644.31701 | X500: =(W500/U500)*100 -> 3.6818851 | Y500: 14382.4 | Z500: 28.04 | AA500: =Y500/Z500 -> 512.92439 | AB500: =(AA500/Y500)*100 -> 3.5663338
A501: 500 | B501: 45299 | C501: 37150869 | D501: =C501/E501 -> 447385.22 | E501: 83.04 | F501: =D501/100000 -> 4.4738522 | G501: =(F501/DataSheet!$C$11*100) -> 122.95903 | H501: =K501/I501 -> 1.65168 | I501: =(J501/L501)*100 -> 4.3591979 | J501: =L501/O501 -> 937.79425 | K501: 7.2 | L501: 21513 | M501: 3.77 | N501: =K501-I501 -> 2.8408021 | O501: 22.94 | P501: 4.02 | Q501: =K501-P501 -> 3.18 | R501: 101.92 | S501: =(O501*T501)/100 -> 1.59433 | T501: 6.95 | U501: 17350.55 | V501: 26.93 | W501: =U501/V501 -> 644.28333 | X501: =(W501/U501)*100 -> 3.7133309 | Y501: 14298.2 | Z501: 27.87 | AA501: =Y501/Z501 -> 513.03193 | AB501: =(AA501/Y501)*100 -> 3.5880875
A502: 501 | B502: 45300 | C502: 37265203 | D502: =C502/E502 -> 448438.06 | E502: 83.1 | F502: =D502/100000 -> 4.4843806 | G502: =(F502/DataSheet!$C$11*100) -> 123.2484 | H502: =K502/I502 -> 1.649246 | I502: =(J502/L502)*100 -> 4.3535046 | J502: =L502/O502 -> 937.95603 | K502: 7.18 | L502: 21544.85 | M502: 3.77 | N502: =K502-I502 -> 2.8264954 | O502: 22.97 | P502: 4.01 | Q502: =K502-P502 -> 3.17 | R502: 102.28 | S502: =(O502*T502)/100 -> 1.598712 | T502: 6.96 | U502: 17382 | V502: 26.98 | W502: =U502/V502 -> 644.255 | X502: =(W502/U502)*100 -> 3.7064492 | Y502: 14350.9 | Z502: 27.97 | AA502: =Y502/Z502 -> 513.08187 | AB502: =(AA502/Y502)*100 -> 3.5752592
A503: 502 | B503: 45301 | C503: 37392677 | D503: =C503/E503 -> 450405.65 | E503: 83.02 | F503: =D503/100000 -> 4.5040565 | G503: =(F503/DataSheet!$C$11*100) -> 123.78917 | H503: =K503/I503 -> 1.652685 | I503: =(J503/L503)*100 -> 4.3383948 | J503: =L503/O503 -> 937.90456 | K503: 7.17 | L503: 21618.7 | M503: 3.79 | N503: =K503-I503 -> 2.8316052 | O503: 23.05 | P503: 4.03 | Q503: =K503-P503 -> 3.14 | R503: 102.08 | S503: =(O503*T503)/100 -> 1.60428 | T503: 6.96 | U503: 17425.35 | V503: 27.05 | W503: =U503/V503 -> 644.19039 | X503: =(W503/U503)*100 -> 3.6968577 | Y503: 14379.85 | Z503: 28.03 | AA503: =Y503/Z503 -> 513.01641 | AB503: =(AA503/Y503)*100 -> 3.5676061
A504: 503 | B504: 45302 | C504: 37565219 | D504: =C504/E504 -> 452266.06 | E504: 83.06 | F504: =D504/100000 -> 4.5226606 | G504: =(F504/DataSheet!$C$11*100) -> 124.30048 | H504: =K504/I504 -> 1.652528 | I504: =(J504/L504)*100 -> 4.3327556 | J504: =L504/O504 -> 937.92028 | K504: 7.16 | L504: 21647.2 | M504: 3.79 | N504: =K504-I504 -> 2.8272444 | O504: 23.08 | P504: 3.97 | Q504: =K504-P504 -> 3.19 | R504: 102.02 | S504: =(O504*T504)/100 -> 1.60406 | T504: 6.95 | U504: 17500.5 | V504: 27.16 | W504: =U504/V504 -> 644.34831 | X504: =(W504/U504)*100 -> 3.6818851 | Y504: 14498.55 | Z504: 28.28 | AA504: =Y504/Z504 -> 512.67857 | AB504: =(AA504/Y504)*100 -> 3.5360679
A505: 504 | B505: 45303 | C505: 37846544 | D505: =C505/E505 -> 456808.02 | E505: 82.85 | F505: =D505/100000 -> 4.5680802 | G505: =(F505/DataSheet!$C$11*100) -> 125.54879 | H505: =K505/I505 -> 1.673478 | I505: =(J505/L505)*100 -> 4.2844901 | J505: =L505/O505 -> 938.06984 | K505: 7.17 | L505: 21894.55 | M505: 3.83 | N505: =K505-I505 -> 2.8855099 | O505: 23.34 | P505: 3.93 | Q505: =K505-P505 -> 3.24 | R505: 102.15 | S505: =(O505*T505)/100 -> 1.62213 | T505: 6.95 | U505: 17563.85 | V505: 27.26 | W505: =U505/V505 -> 644.30851 | X505: =(W505/U505)*100 -> 3.6683786 | Y505: 14552.75 | Z505: 28.39 | AA505: =Y505/Z505 -> 512.60127 | AB505: =(AA505/Y505)*100 -> 3.522367
A506: 505 | B506: 45306 | C506: 38129439 | D506: =C506/E506 -> 460389.27 | E506: 82.82 | F506: =D506/100000 -> 4.6038927 | G506: =(F506/DataSheet!$C$11*100) -> 126.53306 | H506: =K506/I506 -> 1.684326 | I506: =(J506/L506)*100 -> 4.2390844 | J506: =L506/O506 -> 936.72955 | K506: 7.14 | L506: 22097.45 | M506: 3.87 | N506: =K506-I506 -> 2.9009156 | O506: 23.59 | P506: 3.98 | Q506: =K506-P506 -> 3.16 | R506: 102.15 | S506: =(O506*T506)/100 -> 1.639505 | T506: 6.95 | U506: 17656.35 | V506: 27.39 | W506: =U506/V506 -> 644.6276 | X506: =(W506/U506)*100 -> 3.6509675 | Y506: 14589 | Z506: 28.45 | AA506: =Y506/Z506 -> 512.79438 | AB506: =(AA506/Y506)*100 -> 3.5149385
A507: 506 | B507: 45307 | C507: 38021747 | D507: =C507/E507 -> 457652.23 | E507: 83.08 | F507: =D507/100000 -> 4.5765223 | G507: =(F507/DataSheet!$C$11*100) -> 125.78081 | H507: =K507/I507 -> 1.679328 | I507: =(J507/L507)*100 -> 4.2517007 | J507: =L507/O507 -> 936.74745 | K507: 7.14 | L507: 22032.3 | M507: 3.86 | N507: =K507-I507 -> 2.8882993 | O507: 23.52 | P507: 4.05 | Q507: =K507-P507 -> 3.09 | R507: 103.11 | S507: =(O507*T507)/100 -> 1.639344 | T507: 6.97 | U507: 17599.8 | V507: 27.3 | W507: =U507/V507 -> 644.68132 | X507: =(W507/U507)*100 -> 3.6630037 | Y507: 14549.05 | Z507: 28.37 | AA507: =Y507/Z507 -> 512.83222 | AB507: =(AA507/Y507)*100 -> 3.5248502
... A744: 743 | B744: 45657 | C744: 44347671 | D744: =C744/E744 -> 518358.82 | E744: 85.554 | F744: =D744/100000 -> 5.1835882 | G744: =(F744/DataSheet!$C$11*100) -> 142.46537 | H744: =K744/I744 -> 1.4727861 | I744: =(J744/L744)*100 -> 4.5892611 | J744: =L744/O744 -> 1085.1216 | K744: 6.759 | L744: 23644.8 | M744: 3.53 | N744: =K744-I744 -> 2.1697389 | O744: 21.79 | P744: 4.572 | Q744: =K744-P744 -> 2.187 | R744: 108.296 | S744: =(O744*T744)/100 -> 1.433782 | T744: 6.58 | U744: 21141.2 | V744: 43.3 | W744: =U744/V744 -> 488.24942 | X744: =(W744/U744)*100 -> 2.3094688 | Y744: 17752.25 | Z744: 34.39 | AA744: =Y744/Z744 -> 516.20384 | AB744: =(AA744/Y744)*100 -> 2.907822
A745: 744 | B745: 45658 | C745: 44594474 | D745: =C745/E745 -> 520689.75 | E745: 85.645 | F745: =D745/100000 -> 5.2068975 | G745: =(F745/DataSheet!$C$12*100) -> 138.45149 | H745: =K745/I745 -> 1.4832452 | I745: =(J745/L745)*100 -> 4.5703839 | J745: =L745/O745 -> 1085.1417 | K745: 6.779 | L745: 23742.9 | M745: 3.54 | N745: =K745-I745 -> 2.2086161 | O745: 21.88 | P745: 4.572 | Q745: =K745-P745 -> 2.207 | R745: 108.296 | S745: =(O745*T745)/100 -> 1.439704 | T745: 6.58 | U745: 21246.5 | V745: 43.52 | W745: =U745/V745 -> 488.20083 | X745: =(W745/U745)*100 -> 2.2977941 | Y745: 17908.8 | Z745: 34.7 | AA745: =Y745/Z745 -> 516.10375 | AB745: =(AA745/Y745)*100 -> 2.8818444
A746: 745 | B746: 45659 | C746: 45200321 | D746: =C746/E746 -> 527055.98 | E746: 85.76 | F746: =D746/100000 -> 5.2705598 | G746: =(F746/DataSheet!$C$12*100) -> 140.14427 | H746: =K746/I746 -> 1.5128223 | I746: =(J746/L746)*100 -> 4.4863167 | J746: =L746/O746 -> 1085.1795 | K746: 6.787 | L746: 24188.65 | M746: 3.61 | N746: =K746-I746 -> 2.3006833 | O746: 22.29 | P746: 4.561 | Q746: =K746-P746 -> 2.226 | R746: 109.209 | S746: =(O746*T746)/100 -> 1.47114 | T746: 6.6 | U746: 21473.15 | V746: 43.98 | W746: =U746/V746 -> 488.24807 | X746: =(W746/U746)*100 -> 2.2737608 | Y746: 18007.95 | Z746: 34.89 | AA746: =Y746/Z746 -> 516.135 | AB746: =(AA746/Y746)*100 -> 2.8661508
A747: 746 | B747: 45660 | C747: 45133849 | D747: =C747/E747 -> 526274.75 | E747: 85.761 | F747: =D747/100000 -> 5.2627475 | G747: =(F747/DataSheet!$C$12*100) -> 139.93654 | H747: =K747/I747 -> 1.4995148 | I747: =(J747/L747)*100 -> 4.5207957 | J747: =L747/O747 -> 1085.2057 | K747: 6.779 | L747: 24004.75 | M747: 3.58 | N747: =K747-I747 -> 2.2582043 | O747: 22.12 | P747: 4.601 | Q747: =K747-P747 -> 2.178 | R747: 108.798 | S747: =(O747*T747)/100 -> 1.462132 | T747: 6.61 | U747: 21419.3 | V747: 43.87 | W747: =U747/V747 -> 488.24481 | X747: =(W747/U747)*100 -> 2.279462 | Y747: 17973.05 | Z747: 34.82 | AA747: =Y747/Z747 -> 516.1703 | AB747: =(AA747/Y747)*100 -> 2.8719127
A748: 747 | B748: 45663 | C748: 44019775 | D748: =C748/E748 -> 513649.65 | E748: 85.7 | F748: =D748/100000 -> 5.1364965 | G748: =(F748/DataSheet!$C$12*100) -> 136.57953 | H748: =K748/I748 -> 1.4716288 | I748: =(J748/L748)*100 -> 4.5955882 | J748: =L748/O748 -> 1085.2964 | K748: 6.763 | L748: 23616.05 | M748: 3.52 | N748: =K748-I748 -> 2.1674118 | O748: 21.76 | P748: 4.623 | Q748: =K748-P748 -> 2.14 | R748: 108.101 | S748: =(O748*T748)/100 -> 1.431808 | T748: 6.58 | U748: 20879.65 | V748: 42.77 | W748: =U748/V748 -> 488.18448 | X748: =(W748/U748)*100 -> 2.3380874 | Y748: 17455.7 | Z748: 33.82 | AA748: =Y748/Z748 -> 516.13542 | AB748: =(AA748/Y748)*100 -> 2.9568303
A749: 748 | B749: 45664 | C749: 44326609 | D749: =C749/E749 -> 516609.08 | E749: 85.803 | F749: =D749/100000 -> 5.1660908 | G749: =(F749/DataSheet!$C$12*100) -> 137.36644 | H749: =K749/I749 -> 1.4733264 | I749: =(J749/L749)*100 -> 4.5787546 | J749: =L749/O749 -> 1085.5266 | K749: 6.746 | L749: 23707.9 | M749: 3.54 | N749: =K749-I749 -> 2.1672454 | O749: 21.84 | P749: 4.684 | Q749: =K749-P749 -> 2.062 | R749: 108.378 | S749: =(O749*T749)/100 -> 1.44144 | T749: 6.6 | U749: 21060.8 | V749: 43.14 | W749: =U749/V749 -> 488.19657 | X749: =(W749/U749)*100 -> 2.3180343 | Y749: 17702.55 | Z749: 34.3 | AA749: =Y749/Z749 -> 516.10933 | AB749: =(AA749/Y749)*100 -> 2.9154519
A750: 749 | B750: 45665 | C750: 44115076 | D750: =C750/E750 -> 513461.55 | E750: 85.917 | F750: =D750/100000 -> 5.1346155 | G750: =(F750/DataSheet!$C$12*100) -> 136.52951 | H750: =K750/I750 -> 1.4772361 | I750: =(J750/L750)*100 -> 4.580852 | J750: =L750/O750 -> 1085.1557 | K750: 6.767 | L750: 23688.95 | M750: 3.53 | N750: =K750-I750 -> 2.186148 | O750: 21.83 | P750: 4.692 | Q750: =K750-P750 -> 2.075 | R750: 108.926 | S750: =(O750*T750)/100 -> 1.436414 | T750: 6.58 | U750: 20840.3 | V750: 42.69 | W750: =U750/V750 -> 488.17756 | X750: =(W750/U750)*100 -> 2.342469 | Y750: 17457.9 | Z750: 33.82 | AA750: =Y750/Z750 -> 516.20047 | AB750: =(AA750/Y750)*100 -> 2.9568303
A751: 750 | B751: 45666 | C751: 43700335 | D751: =C751/E751 -> 508794.22 | E751: 85.89 | F751: =D751/100000 -> 5.0879422 | G751: =(F751/DataSheet!$C$12*100) -> 135.28847 | H751: =K751/I751 -> 1.4664352 | I751: =(J751/L751)*100 -> 4.6125461 | J751: =L751/O751 -> 1085.1707 | K751: 6.764 | L751: 23526.5 | M751: 3.51 | N751: =K751-I751 -> 2.1514539 | O751: 21.68 | P751: 4.688 | Q751: =K751-P751 -> 2.076 | R751: 109.004 | S751: =(O751*T751)/100 -> 1.433048 | T751: 6.61 | U751: 20674.25 | V751: 42.35 | W751: =U751/V751 -> 488.17591 | X751: =(W751/U751)*100 -> 2.3612751 | Y751: 17254.35 | Z751: 33.43 | AA751: =Y751/Z751 -> 516.13371 | AB751: =(AA751/Y751)*100 -> 2.9913252
A752: 751 | B752: 45667 | C752: 43116659 | D752: =C752/E752 -> 500396.44 | E752: 86.165 | F752: =D752/100000 -> 5.0039644 | G752: =(F752/DataSheet!$C$12*100) -> 133.0555 | H752: =K752/I752 -> 1.4614271 | I752: =(J752/L752)*100 -> 4.631774 | J752: =L752/O752 -> 1085.2941 | K752: 6.769 | L752: 23431.5 | M752: 3.49 | N752: =K752-I752 -> 2.137226 | O752: 21.59 | P752: 4.762 | Q752: =K752-P752 -> 2.007 | R752: 109.487 | S752: =(O752*T752)/100 -> 1.427099 | T752: 6.61 | U752: 20252.95 | V752: 41.48 | W752: =U752/V752 -> 488.2582 | X752: =(W752/U752)*100 -> 2.4108004 | Y752: 16833.4 | Z752: 32.61 | AA752: =Y752/Z752 -> 516.20362 | AB752: =(AA752/Y752)*100 -> 3.066544
A753: 752 | B753: 45670 | C753: 41829588 | D753: =C753/E753 -> 482764.21 | E753: 86.646 | F753: =D753/100000 -> 4.8276421 | G753: =(F753/DataSheet!$C$12*100) -> 128.36708 | H753: =K753/I753 -> 1.4541375 | I753: =(J753/L753)*100 -> 4.7058824 | J753: =L753/O753 -> 1086.3976 | K753: 6.843 | L753: 23085.95 | M753: 3.44 | N753: =K753-I753 -> 2.1371176 | O753: 21.25 | P753: 4.789 | Q753: =K753-P753 -> 2.054 | R753: 109.812 | S753: =(O753*T753)/100 -> 1.404625 | T753: 6.61 | U753: 19458.3 | V753: 39.86 | W753: =U753/V753 -> 488.16608 | X753: =(W753/U753)*100 -> 2.5087807 | Y753: 16159.9 | Z753: 31.31 | AA753: =Y753/Z753 -> 516.12584 | AB753: =(AA753/Y753)*100 -> 3.1938678
A754: 753 | B754: 45671 | C754: 42461600 | D754: =C754/E754 -> 490743.72 | E754: 86.525 | F754: =D754/100000 -> 4.9074372 | G754: =(F754/DataSheet!$C$12*100) -> 130.48884 | H754: =K754/I754 -> 1.4573086 | I754: =(J754/L754)*100 -> 4.6860356 | J754: =L754/O754 -> 1086.038 | K754: 6.829 | L754: 23176.05 | M754: 3.46 | N754: =K754-I754 -> 2.1429644 | O754: 21.34 | P754: 4.792 | Q754: =K754-P754 -> 2.037 | R754: 109.11 | S754: =(O754*T754)/100 -> 1.412708 | T754: 6.62 | U754: 19883.35 | V754: 40.72 | W754: =U754/V754 -> 488.29445 | X754: =(W754/U754)*100 -> 2.4557957 | Y754: 16422.75 | Z754: 31.84 | AA754: =Y754/Z754 -> 515.78989 | AB754: =(AA754/Y754)*100 -> 3.1407035
A755: 754 | B755: 45672 | C755: 42573737 | D755: =C755/E755 -> 492865.67 | E755: 86.38 | F755: =D755/100000 -> 4.9286567 | G755: =(F755/DataSheet!$C$12*100) -> 131.05306 | H755: =K755/I755 -> 1.4559381 | I755: =(J755/L755)*100 -> 4.6794572 | J755: =L755/O755 -> 1086.2518 | K755: 6.813 | L755: 23213.2 | M755: 3.46 | N755: =K755-I755 -> 2.1335428 | O755: 21.37 | P755: 4.654 | Q755: =K755-P755 -> 2.159 | R755: 108.916 | S755: =(O755*T755)/100 -> 1.41042 | T755: 6.6 | U755: 19955.4 | V755: 40.86 | W755: =U755/V755 -> 488.38473 | X755: =(W755/U755)*100 -> 2.4473813 | Y755: 16508.9 | Z755: 31.98 | AA755: =Y755/Z755 -> 516.22577 | AB755: =(AA755/Y755)*100 -> 3.1269543
A756: 755 | B756: 45673 | C756: 42980830 | D756: =C756/E756 -> 496486.42 | E756: 86.57 | F756: =D756/100000 -> 4.9648642 | G756: =(F756/DataSheet!$C$12*100) -> 132.01582 | H756: =K756/I756 -> 1.4494084 | I756: =(J756/L756)*100 -> 4.6598322 | J756: =L756/O756 -> 1086.2908 | K756: 6.754 | L756: 23311.8 | M756: 3.48 | N756: =K756-I756 -> 2.0941678 | O756: 21.46 | P756: 4.611 | Q756: =K756-P756 -> 2.143 | R756: 108.817 | S756: =(O756*T756)/100 -> 1.414214 | T756: 6.59 | U756: 20172.65 | V756: 41.27 | W756: =U756/V756 -> 488.79695 | X756: =(W756/U756)*100 -> 2.4230676 | Y756: 16707.9 | Z756: 32.68 | AA756: =Y756/Z756 -> 511.25765 | AB756: =(AA756/Y756)*100 -> 3.0599755
... A806: 805 | B806: 45744 | C806: 41375586 | D806: =C806/E806 -> 483732.62 | E806: 85.534 | F806: =D806/100000 -> 4.8373262 | G806: =(F806/DataSheet!$C$12*100) -> 128.62458 | H806: =K806/I806 -> 1.406146 | I806: =(J806/L806)*100 -> 4.6794572 | J806: =L806/O806 -> 1100.5779 | K806: 6.58 | L806: 23519.35 | M806: 3.48 | N806: =K806-I806 -> 1.9005428 | O806: 21.37 | P806: 4.251 | Q806: =K806-P806 -> 2.329 | R806: 103.709 | S806: =(O806*T806)/100 -> 1.356995 | T806: 6.35 | U806: 19120.35 | V806: 33.71 | W806: =U806/V806 -> 567.20113 | X806: =(W806/U806)*100 -> 2.9664788 | Y806: 15104.05 | Z806: 29.42 | AA806: =Y806/Z806 -> 513.39395 | AB806: =(AA806/Y806)*100 -> 3.3990483
A807: 806 | B807: 45748 | C807: 41016692 | D807: =C807/E807 -> 479334.96 | E807: 85.57 | F807: =D807/100000 -> 4.7933496 | G807: =(F807/DataSheet!$C$12*100) -> 127.45524 | H807: =K807/I807 -> 1.38509 | I807: =(J807/L807)*100 -> 4.7505938 | J807: =L807/O807 -> 1100.5083 | K807: 6.58 | L807: 23165.7 | M807: 3.43 | N807: =K807-I807 -> 1.8294062 | O807: 21.05 | P807: 4.16 | Q807: =K807-P807 -> 2.42 | R807: 103.949 | S807: =(O807*T807) -> 133.6675 | T807: 6.35 | U807: 18931.4 | V807: 33.38 | W807: =U807/V807 -> 567.14799 | X807: =(W807/U807)*100 -> 2.9958059 | Y807: 15030.1 | Z807: 29.28 | AA807: =Y807/Z807 -> 513.32309 | AB807: =(AA807/Y807)*100 -> 3.4153005
A808: 807 | B808: 45749 | C808: 41377863 | D808: =C808/E808 -> 484234.8 | E808: 85.45 | F808: =D808/100000 -> 4.842348 | G808: =(F808/DataSheet!$C$12*100) -> 128.75811 | H808: =K808/I808 -> 1.37376 | I808: =(J808/L808)*100 -> 4.7169811 | J808: =L808/O808 -> 1100.5825 | K808: 6.48 | L808: 23332.35 | M808: 3.45 | N808: =K808-I808 -> 1.7630189 | O808: 21.2 | P808: 4.125 | Q808: =K808-P808 -> 2.355 | R808: 103.491 | S808: =(O808*T808) -> 133.136 | T808: 6.28 | U808: 19200.75 | V808: 33.86 | W808: =U808/V808 -> 567.06291 | X808: =(W808/U808)*100 -> 2.9533373 | Y808: 15179.75 | Z808: 29.57 | AA808: =Y808/Z808 -> 513.34968 | AB808: =(AA808/Y808)*100 -> 3.3818059
A809: 808 | B809: 45750 | C809: 41416218 | D809: =C809/E809 -> 485837.84 | E809: 85.247 | F809: =D809/100000 -> 4.8583784 | G809: =(F809/DataSheet!$C$12*100) -> 129.18436 | H809: =K809/I809 -> 1.37345 | I809: =(J809/L809)*100 -> 4.7326077 | J809: =L809/O809 -> 1100.336 | K809: 6.5 | L809: 23250.1 | M809: 3.44 | N809: =K809-I809 -> 1.7673923 | O809: 21.13 | P809: 4.036 | Q809: =K809-P809 -> 2.464 | R809: 101.795 | S809: =(O809*T809) -> 129.9495 | T809: 6.15 | U809: 19238.4 | V809: 33.92 | W809: =U809/V809 -> 567.16981 | X809: =(W809/U809)*100 -> 2.9481132 | Y809: 15285.45 | Z809: 29.77 | AA809: =Y809/Z809 -> 513.45146 | AB809: =(AA809/Y809)*100 -> 3.3590863
A810: 809 | B810: 45751 | C810: 40409601 | D810: =C810/E810 -> 472615.85 | E810: 85.502 | F810: =D810/100000 -> 4.7261585 | G810: =(F810/DataSheet!$C$12*100) -> 125.66863 | H810: =K810/I810 -> 1.344972 | I810: =(J810/L810)*100 -> 4.803074 | J810: =L810/O810 -> 1100.1177 | K810: 6.46 | L810: 22904.45 | M810: 3.39 | N810: =K810-I810 -> 1.656926 | O810: 20.82 | P810: 3.999 | Q810: =K810-P810 -> 2.461 | R810: 102.768 | S810: =(O810*T810) -> 126.5856 | T810: 6.08 | U810: 18675.3 | V810: 32.93 | W810: =U810/V810 -> 567.12117 | X810: =(W810/U810)*100 -> 3.0367446 | Y810: 14780.5 | Z810: 28.79 | AA810: =Y810/Z810 -> 513.39007 | AB810: =(AA810/Y810)*100 -> 3.4734283
A811: 810 | B811: 45754 | C811: 38983101 | D811: =C811/E811 -> 454062.72 | E811: 85.854 | F811: =D811/100000 -> 4.5406272 | G811: =(F811/DataSheet!$C$12*100) -> 120.73535 | H811: =K811/I811 -> 1.305072 | I811: =(J811/L811)*100 -> 4.9652433 | J811: =L811/O811 -> 1100.3774 | K811: 6.48 | L811: 22161.6 | M811: 3.28 | N811: =K811-I811 -> 1.5147567 | O811: 20.14 | P811: 4.201 | Q811: =K811-P811 -> 2.279 | R811: 102.972 | S811: =(O811*T811) -> 122.854 | T811: 6.1 | U811: 18005.1 | V811: 31.75 | W811: =U811/V811 -> 567.08976 | X811: =(W811/U811)*100 -> 3.1496063 | Y811: 14190.2 | Z811: 27.64 | AA811: =Y811/Z811 -> 513.39363 | AB811: =(AA811/Y811)*100 -> 3.617945
A812: 811 | B812: 45755 | C812: 39734359 | D812: =C812/E812 -> 460741.64 | E812: 86.24 | F812: =D812/100000 -> 4.6074164 | G812: =(F812/DataSheet!$C$12*100) -> 122.51128 | H812: =K812/I812 -> 1.325056 | I812: =(J812/L812)*100 -> 4.8828125 | J812: =L812/O812 -> 1100.3833 | K812: 6.47 | L812: 22535.85 | M812: 3.33 | N812: =K812-I812 -> 1.5871875 | O812: 20.48 | P812: 4.289 | Q812: =K812-P812 -> 2.181 | R812: 102.701 | S812: =(O812*T812) -> 123.904 | T812: 6.05 | U812: 18387.05 | V812: 32.42 | W812: =U812/V812 -> 567.15145 | X812: =(W812/U812)*100 -> 3.0845157 | Y812: 14498.4 | Z812: 28.24 | AA812: =Y812/Z812 -> 513.39943 | AB812: =(AA812/Y812)*100 -> 3.5410765
A813: 812 | B813: 45756 | C813: 39458658 | D813: =C813/E813 -> 455379.78 | E813: 86.65 | F813: =D813/100000 -> 4.5537978 | G813: =(F813/DataSheet!$C$12*100) -> 121.08556 | H813: =K813/I813 -> 1.311184 | I813: =(J813/L813)*100 -> 4.9115914 | J813: =L813/O813 -> 1100.1547 | K813: 6.44 | L813: 22399.15 | M813: 3.31 | N813: =K813-I813 -> 1.5284086 | O813: 20.36 | P813: 4.325 | Q813: =K813-P813 -> 2.115 | R813: 102.623 | S813: =(O813*T813) -> 121.142 | T813: 5.95 | U813: 18272.75 | V813: 32.22 | W813: =U813/V813 -> 567.12446 | X813: =(W813/U813)*100 -> 3.1036623 | Y813: 14345.7 | Z813: 27.94 | AA813: =Y813/Z813 -> 513.44667 | AB813: =(AA813/Y813)*100 -> 3.5790981
A814: 813 | B814: 45758 | C814: 40234966 | D814: =C814/E814 -> 466817.11 | E814: 86.19 | F814: =D814/100000 -> 4.6681711 | G814: =(F814/DataSheet!$C$12*100) -> 124.12675 | H814: =K814/I814 -> 1.3363 | I814: =(J814/L814)*100 -> 4.8192771 | J814: =L814/O814 -> 1100.1711 | K814: 6.44 | L814: 22828.55 | M814: 3.38 | N814: =K814-I814 -> 1.6207229 | O814: 20.75 | P814: 4.495 | Q814: =K814-P814 -> 1.945 | R814: 99.892 | S814: =(O814*T814) -> 123.4625 | T814: 5.95 | U814: 18614.15 | V814: 32.82 | W814: =U814/V814 -> 567.15874 | X814: =(W814/U814)*100 -> 3.0469226 | Y814: 14786.3 | Z814: 28.84 | AA814: =Y814/Z814 -> 512.70111 | AB814: =(AA814/Y814)*100 -> 3.4674064
A815: 814 | B815: 45762 | C815: 41286852 | D815: =C815/E815 -> 481867.06 | E815: 85.681 | F815: =D815/100000 -> 4.8186706 | G815: =(F815/DataSheet!$C$12*100) -> 128.12853 | H815: =K815/I815 -> 1.35892 | I815: =(J815/L815)*100 -> 4.7169811 | J815: =L815/O815 -> 1100.4033 | K815: 6.41 | L815: 23328.55 | M815: 3.45 | N815: =K815-I815 -> 1.6930189 | O815: 21.2 | P815: 4.339 | Q815: =K815-P815 -> 2.071 | R815: 99.962 | S815: =(O815*T815) -> 126.14 | T815: 5.95 | U815: 19178.5 | V815: 33.82 | W815: =U815/V815 -> 567.07569 | X815: =(W815/U815)*100 -> 2.9568303 | Y815: 15238.45 | Z815: 29.72 | AA815: =Y815/Z815 -> 512.73385 | AB815: =(AA815/Y815)*100 -> 3.3647376
A816: 815 | B816: 45763 | C816: 41571814 | D816: =C816/E816 -> 485725.8 | E816: 85.587 | F816: =D816/100000 -> 4.857258 | G816: =(F816/DataSheet!$C$12*100) -> 129.15457 | H816: =K816/I816 -> 1.36107 | I816: =(J816/L816)*100 -> 4.6948357 | J816: =L816/O816 -> 1100.338 | K816: 6.39 | L816: 23437.2 | M816: 3.47 | N816: =K816-I816 -> 1.6951643 | O816: 21.3 | P816: 4.28 | Q816: =K816-P816 -> 2.11 | R816: 99.143 | S816: =(O816*T816) -> 126.309 | T816: 5.93 | U816: 19320.6 | V816: 34.07 | W816: =U816/V816 -> 567.08541 | X816: =(W816/U816)*100 -> 2.9351335 | Y816: 15382.45 | Z816: 30 | AA816: =Y816/Z816 -> 512.74833 | AB816: =(AA816/Y816)*100 -> 3.3333333
A817: 816 | B817: 45764 | C817: 42034029 | D817: =C817/E817 -> 492317.04 | E817: 85.38 | F817: =D817/100000 -> 4.9231704 | G817: =(F817/DataSheet!$C$12*100) -> 130.90718 | H817: =K817/I817 -> 1.381016 | I817: =(J817/L817)*100 -> 4.6125461 | J817: =L817/O817 -> 1100.1684 | K817: 6.37 | L817: 23851.65 | M817: 3.53 | N817: =K817-I817 -> 1.7574539 | O817: 21.68 | P817: 4.332 | Q817: =K817-P817 -> 2.038 | R817: 99.129 | S817: =(O817*T817) -> 128.5624 | T817: 5.93 | U817: 19433.45 | V817: 34.27 | W817: =U817/V817 -> 567.06886 | X817: =(W817/U817)*100 -> 2.9180041 | Y817: 15452.1 | Z817: 30.14 | AA817: =Y817/Z817 -> 512.6775 | AB817: =(AA817/Y817)*100 -> 3.31785
A818: 817 | B818: 45768 | C818: 42651252 | D818: =C818/E818 -> 500777.87 | E818: 85.17 | F818: =D818/100000 -> 5.0077787 | G818: =(F818/DataSheet!$C$12*100) -> 133.15692 | H818: =K818/I818 -> 1.385976 | I818: =(J818/L818)*100 -> 4.5599635 | J818: =L818/O818 -> 1100.1163 | K818: 6.32 | L818: 24125.55 | M818: 3.57 | N818: =K818-I818 -> 1.7600365 | O818: 21.93 | P818: 4.416 | Q818: =K818-P818 -> 1.904 | R818: 98.044 | S818: =(O818*T818) -> 129.387 | T818: 5.9 | U818: 19863.65 | V818: 35.02 | W818: =U818/V818 -> 567.20874 | X818: =(W818/U818)*100 -> 2.8555111 | Y818: 15751.85 | Z818: 30.72 | AA818: =Y818/Z818 -> 512.75553 | AB818: =(AA818/Y818)*100 -> 3.2552083
... A827: 826 | B827: 45782 | C827: 42814518 | D827: =C827/E827 -> 507912.9 | E827: 84.295 | F827: =D827/100000 -> 5.079129 | G827: =(F827/DataSheet!$C$12*100) -> 135.05412 | H827: =K827/I827 -> 1.4115381 | I827: =(J827/L827)*100 -> 4.5475216 | J827: =L827/O827 -> 1112.3761 | K827: 6.419 | L827: 24461.15 | M827: 3.62 | N827: =K827-I827 -> 1.8714784 | O827: 21.99 | P827: 4.348 | Q827: =K827-P827 -> 2.071 | R827: 99.64 | S827: =(O827*T827) -> 129.5211 | T827: 5.89 | U827: 20049.15 | V827: 34.21 | W827: =U827/V827 -> 586.06109 | X827: =(W827/U827)*100 -> 2.9231219 | Y827: 15528.3 | Z827: 30.54 | AA827: =Y827/Z827 -> 508.45776 | AB827: =(AA827/Y827)*100 -> 3.2743942
A828: 827 | B828: 45783 | C828: 42205724 | D828: 500631.32 | E828: 84.305 | F828: 5.0063132 | G828: 136.04112 | H828: 1.3909715 | I828: 4.5558087 | J828: 1110.6879 | K828: 6.337 | L828: 24379.6 | M828: 3.61 | N828: 1.7811913 | O828: 21.95 | P828: 4.298 | Q828: 2.039 | R828: 99.047 | S828: 0 | U828: 19646.2 | V828: 33.47 | W828: 586.97938 | X828: 2.9877502 | Y828: 15181.45 | Z828: 29.89 | AA828: 507.91067 | AB828: 3.3456005
A829: 828 | B829: 45784 | C829: 42420125 | D829: 500703.78 | E829: 84.721 | F829: 5.0070378 | G829: 136.06081 | H829: 1.4062605 | I829: 4.5475216 | J829: 1110.2501 | K829: 6.395 | L829: 24414.4 | M829: 3.61 | N829: 1.8474784 | O829: 21.99 | P829: 4.268 | Q829: 2.127 | R829: 99.435 | S829: 0 | U829: 19943.65 | V829: 33.95 | W829: 587.44183 | X829: 2.9455081 | Y829: 15362.7 | Z829: 30.23 | AA829: 508.19385 | AB829: 3.3079722
A830: 829 | B830: 45785 | C830: 41934057 | D830: 490250.38 | E830: 85.536 | F830: 4.9025038 | G830: 133.22021 | H830: 1.3940122 | I830: 4.5745654 | J830: 1110.4209 | K830: 6.377 | L830: 24273.8 | M830: 3.59 | N830: 1.8024346 | O830: 21.86 | P830: 4.379 | Q830: 1.998 | R830: 100.49 | S830: 0 | U830: 19591.8 | V830: 33.2 | W830: 590.11446 | X830: 3.0120482 | Y830: 15180.45 | Z830: 29.87 | AA830: 508.21727 | AB830: 3.3478406
A831: 830 | B831: 45786 | C831: 41701116 | D831: 488252.01 | E831: 85.409 | F831: 4.8825201 | G831: 132.67718 | H831: 1.3787074 | I831: 4.6253469 | J831: 1110.4533 | K831: 6.377 | L831: 24008 | M831: 3.55 | N831: 1.7516531 | O831: 21.62 | P831: 4.381 | Q831: 1.996 | R831: 100.168 | S831: 0 | U831: 19596.25 | V831: 33.16 | W831: 590.96049 | X831: 3.0156815 | Y831: 15080.45 | Z831: 29.42 | AA831: 512.59177 | AB831: 3.3990483
A832: 831 | B832: 45789 | C832: 43313429 | D832: 510260.11 | E832: 84.885 | F832: 5.1026011 | G832: 138.65764 | H832: 1.4097255 | I832: 4.4583148 | J832: 1111.2216 | K832: 6.285 | L832: 24924.7 | M832: 3.69 | N832: 1.8266852 | O832: 22.43 | P832: 4.472 | Q832: 1.813 | R832: 101.599 | S832: 0 | U832: 20331.5 | V832: 34.4 | W832: 591.03198 | X832: 2.9069767 | Y832: 15684.2 | Z832: 30.61 | AA832: 512.38811 | AB832: 3.2669062
A833: 832 | B833: 45790 | C833: 43184842 | D833: 506418.56 | E833: 85.275 | F833: 5.0641856 | G833: 137.61374 | H833: 1.3782336 | I833: 4.5289855 | J833: 1113.1499 | K833: 6.242 | L833: 24578.35 | M833: 3.64 | N833: 1.7130145 | O833: 22.08 | P833: 4.47 | Q833: 1.772 | R833: 100.826 | S833: 0 | U833: 20379.3 | V833: 34.18 | W833: 596.23464 | X833: 2.9256875 | Y833: 15815.45 | Z833: 31.03 | AA833: 509.68257 | AB833: 3.2226877
A834: 833 | B834: 45791 | C834: 43564124 | D834: 510148.42 | E834: 85.395 | F834: 5.1014842 | G834: 138.62729 | H834: 1.3795434 | I834: 4.5167118 | J834: 1114.1328 | K834: 6.231 | L834: 24666.9 | M834: 3.65 | N834: 1.7142882 | O834: 22.14 | P834: 4.541 | Q834: 1.69 | R834: 100.873 | S834: 0 | U834: 20637.9 | V834: 34.34 | W834: 600.98719 | X834: 2.9120559 | Y834: 16038.3 | Z834: 31.47 | AA834: 509.63775 | AB834: 3.1776295
A835: 834 | B835: 45792 | C835: 44097972 | D835: 515488.42 | E835: 85.546 | F835: 5.1548842 | G835: 140.07837 | H835: 1.395146 | I835: 4.4583148 | J835: 1117.3473 | K835: 6.22 | L835: 25062.1 | M835: 3.71 | N835: 1.7616852 | O835: 22.43 | P835: 4.431 | Q835: 1.789 | R835: 100.729 | S835: 0 | U835: 20781.15 | V835: 34.59 | W835: 600.78491 | X835: 2.891009 | Y835: 16159.25 | Z835: 31.52 | AA835: 512.66656 | AB835: 3.1725888
A836: 835 | B836: 45793 | C836: 44366355 | D836: 518904.73 | E836: 85.5 | F836: 5.1890473 | G836: 141.00672 | H836: 1.392658 | I836: 4.4662796 | J836: 1117.4542 | K836: 6.22 | L836: 25019.8 | M836: 3.7 | N836: 1.7537204 | O836: 22.39 | P836: 4.443 | Q836: 1.777 | R836: 100.946 | S836: 0 | U836: 20960.15 | V836: 34.87 | W836: 601.09406 | X836: 2.8677947 | Y836: 16405.7 | Z836: 31.98 | AA836: 512.99875 | AB836: 3.1269543
A837: 836 | B837: 45796 | C837: 44435080 | D837: 520378.03 | E837: 85.39 | F837: 5.2037803 | G837: 141.40707 | H837: 1.391159 | I837: 4.4782803 | J837: 1117.1272 | K837: 6.23 | L837: 24945.45 | M837: 3.69 | N837: 1.7517197 | O837: 22.33 | P837: 4.447 | Q837: 1.783 | R837: 100.288 | S837: 0 | U837: 20992.8 | V837: 34.92 | W837: 601.16838 | X837: 2.8636884 | Y837: 16516.8 | Z837: 32.2 | AA837: 512.9441 | AB837: 3.1055901
A838: 837 | B838: 45797 | C838: 43882813 | D838: 513009.27 | E838: 85.54 | F838: 5.1300927 | G838: 139.40469 | H838: 1.373376 | I838: 4.5289855 | J838: 1117.9303 | K838: 6.22 | L838: 24683.9 | M838: 3.65 | N838: 1.6910145 | O838: 22.08 | P838: 4.483 | Q838: 1.737 | R838: 99.977 | S838: 0 | U838: 20665.25 | V838: 34.13 | W838: 605.48638 | X838: 2.9299736 | Y838: 16368.65 | Z838: 31.61 | AA838: 517.83138 | AB838: 3.1635558
A839: 838 | B839: 45798 | C839: 44197321 | D839: 516323.84 | E839: 85.6 | F839: 5.1632384 | G839: 140.30539 | H839: 1.373561 | I839: 4.5065345 | J839: 1118.2267 | K839: 6.19 | L839: 24813.45 | M839: 3.67 | N839: 1.6834655 | O839: 22.19 | P839: 4.595 | Q839: 1.595 | R839: 99.435 | S839: 0 | U839: 20828.75 | V839: 34.32 | W839: 606.89831 | X839: 2.9137529 | Y839: 16437.1 | Z839: 31.75 | AA839: 517.70394 | AB839: 3.1496063
A840: 839 | B840: 45799 | C840: 43972553 | D840: 511338.49 | E840: 85.995 | F840: 5.1133849 | G840: 138.95068 | H840: 1.366821 | I840: 4.5433894 | J840: 1118.1145 | K840: 6.21 | L840: 24609.7 | M840: 3.64 | N840: 1.6666106 | O840: 22.01 | P840: 4.528 | Q840: 1.682 | R840: 99.849 | S840: 0 | U840: 20752.7 | V840: 34.11 | W840: 608.40516 | X840: 2.9316916 | Y840: 16436.45 | Z840: 31.49 | AA840: 521.95776 | AB840: 3.1756113
A841: 840 | B841: 45800 | C841: 44279044 | D841: 519707.09 | E841: 85.2 | F841: 5.1970709 | G841: 141.22475 | H841: 1.39104 | I841: 4.4642857 | J841: 1109.5156 | K841: 6.21 | L841: 24853.15 | M841: 3.68 | N841: 1.7457143 | O841: 22.4 | P841: 4.507 | Q841: 1.703 | R841: 99.01 | S841: 124.768 | T841: 5.57 | U841: 20874.4 | V841: 34.08 | W841: 612.51174 | X841: 2.9342723 | Y841: 16532.95 | Z841: 31.66 | AA841: 522.2031 | AB841: 3.1585597
A842: 841 | B842: 45803 | C842: 44547996 | D842: 523552.04 | E842: 85.088 | F842: 5.2355204 | G842: 142.26958 | H842: 1.39996 | I842: 4.428698 | J842: 1107.2254 | K842: 6.2 | L842: 25001.15 | M842: 3.7 | N842: 1.771302 | O842: 22.58 | P842: 4.511 | Q842: 1.689 | R842: 99.01 | S842: 125.5448 | T842: 5.56 | U842: 20991 | V842: 34.38 | W842: 610.55846 | X842: 2.9086678 | Y842: 16619.1 | Z842: 32 | AA842: 519.34687 | AB842: 3.125
A843: 842 | B843: 45804 | C843: 44447038 | D843: 520884.07 | E843: 85.33 | F843: 5.2088407 | G843: 141.54459 | H843: 1.38756 | I843: 4.4682752 | J843: 1109.3029 | K843: 6.2 | L843: 24826.2 | M843: 3.67 | N843: 1.7317248 | O843: 22.38 | P843: 4.445 | Q843: 1.755 | R843: 99.425 | S843: 123.3138 | T843: 5.51 | U843: 21034.45 | V843: 34.39 | W843: 611.64437 | X843: 2.907822 | Y843: 16637.85 | Z843: 32 | AA843: 519.93281 | AB843: 3.125
A844: 843 | B844: 45805 | C844: 44462999 | D844: 520558.68 | E844: 85.414 | F844: 5.2055868 | G844: 141.45616 | H844: 1.374912 | I844: 4.4802867 | J844: 1108.9807 | K844: 6.16 | L844: 24752.45 | M844: 3.66 | N844: 1.6797133 | O844: 22.32 | P844: 4.474 | Q844: 1.686 | R844: 99.785 | S844: 123.4296 | T844: 5.53 | U844: 21044.4 | V844: 34.14 | W844: 616.41476 | X844: 2.9291154 | Y844: 16706.35 | Z844: 32.12 | AA844: 520.12298 | AB844: 3.113325
A845: 844 | B845: 45806 | C845: 44628305 | D845: 522463.45 | E845: 85.419 | F845: 5.2246345 | G845: 141.97376 | H845: 1.383702 | I845: 4.4662796 | J845: 1109.138 | K845: 6.18 | L845: 24833.6 | M845: 3.63 | N845: 1.7137204 | O845: 22.39 | P845: 4.425 | Q845: 1.755 | R845: 99.209 | S845: 123.8167 | T845: 5.53 | U845: 21163.15 | V845: 34.32 | W845: 616.6419 | X845: 2.9137529 | Y845: 16779.55 | Z845: 32.17 | AA845: 521.58999 | AB845: 3.1084862
A846: 845 | B846: 45807 | C846: 44508663 | D846: 520416.99 | E846: 85.525 | F846: 5.2041699 | G846: 141.41766 | H846: 1.38384 | I846: 4.4802867 | J846: 1108.9023 | K846: 6.2 | L846: 24750.7 | M846: 3.62 | N846: 1.7197133 | O846: 22.32 | P846: 4.397 | Q846: 1.803 | R846: 99.259 | S846: 122.9832 | T846: 5.51 | U846: 21125.55 | V846: 34.26 | W846: 616.62434 | X846: 2.9188558 | Y846: 16833.05 | Z846: 32.19 | AA846: 522.92793 | AB846: 3.1065548
A847: 846 | B847: 45810 | C847: 44622420 | D847: 522792.37 | E847: 85.354 | F847: 5.2279237 | G847: 142.06314 | H847: 1.386438 | I847: 4.4863167 | J847: 1108.865 | K847: 6.22 | L847: 24716.6 | M847: 3.62 | N847: 1.7336833 | O847: 22.29 | P847: 4.441 | Q847: 1.779 | R847: 98.635 | S847: 123.0408 | T847: 5.52 | U847: 21240.8 | V847: 34.45 | W847: 616.56894 | X847: 2.9027576 | Y847: 16953.75 | Z847: 32.24 | AA847: 525.86073 | AB847: 3.101737
A848: 847 | B848: 45811 | C848: 44403872 | D848: 518077.12 | E848: 85.709 | F848: 5.1807712 | G848: 140.78183 | H848: 1.36834 | I848: 4.5310376 | J848: 1112.0299 | K848: 6.2 | L848: 24542.5 | M848: 3.59 | N848: 1.6689624 | O848: 22.07 | P848: 4.457 | Q848: 1.743 | R848: 99.159 | S848: 121.385 | T848: 5.5 | U848: 21164.75 | V848: 33.85 | W848: 625.25111 | X848: 2.9542097 | Y848: 16971.25 | Z848: 32.38 | AA848: 524.12755 | AB848: 3.0883261
A849: 848 | B849: 45812 | C849: 44607490 | D849: 519446.75 | E849: 85.875 | F849: 5.1944675 | G849: 141.15401 | H849: 1.374894 | I849: 4.5167118 | J849: 1112.0235 | K849: 6.21 | L849: 24620.2 | M849: 3.6 | N849: 1.6932882 | O849: 22.14 | P849: 4.356 | Q849: 1.854 | R849: 98.73 | S849: 121.5486 | T849: 5.49 | U849: 21334.6 | V849: 34.14 | W849: 624.91506 | X849: 2.9291154 | Y849: 17060.8 | Z849: 32.51 | AA849: 524.78622 | AB849: 3.0759766
A850: 849 | B850: 45813 | C850: 44838577 | D850: 522381.04 | E850: 85.835 | F850: 5.2238104 | G850: 141.95137 | H850: 1.37505 | I850: 4.494382 | J850: 1112.4 | K850: 6.18 | L850: 24750.9 | M850: 3.62 | N850: 1.685618 | O850: 22.25 | P850: 4.389 | Q850: 1.791 | R850: 98.704 | S850: 121.93 | T850: 5.48 | U850: 21476.45 | V850: 34.37 | W850: 624.86034 | X850: 2.9095141 | Y850: 17173.45 | Z850: 32.68 | AA850: 525.50337 | AB850: 3.0599755
A851: 850 | B851: 45814 | C851: 45201565 | D851: 526910.75 | E851: 85.786 | F851: 5.2691075 | G851: 143.18227 | H851: 1.399881 | I851: 4.4503783 | J851: 1112.7303 | K851: 6.23 | L851: 25003.05 | M851: 3.65 | N851: 1.7796217 | O851: 22.47 | P851: 4.505 | Q851: 1.725 | R851: 99.142 | S851: 117.0687 | T851: 5.21 | U851: 21688.6 | V851: 34.7 | W851: 625.0317 | X851: 2.8818444 | Y851: 17285.75 | Z851: 32.89 | AA851: 525.56248 | AB851: 3.0404378
A852: 851 | B852: 45817 | C852: 45587212 | D852: 532125.74 | E852: 85.67 | F852: 5.3212574 | G852: 144.59939 | H852: 1.414512 | I852: 4.4326241 | J852: 1112.7305 | K852: 6.27 | L852: 25103.2 | M852: 3.66 | N852: 1.8373759 | O852: 22.56 | P852: 4.475 | Q852: 1.795 | R852: 98.442 | S852: 117.5376 | T852: 5.21 | U852: 21908.35 | V852: 35.05 | W852: 625.05991 | X852: 2.853067 | Y852: 17515.15 | Z852: 33.33 | AA852: 525.50705 | AB852: 3.0003
... A861: 860 | B861: 45828 | C861: 44875555 | D861: 518313.18 | E861: 86.58 | F861: 5.1831318 | G861: 140.84597 | H861: 1.424167 | I861: 4.4306602 | J861: 1112.6451 | K861: 6.31 | L861: 25112.4 | M861: 3.65 | N861: 1.8793398 | O861: 22.57 | P861: 4.376 | Q861: 1.934 | R861: 98.282 | S861: 117.5897 | T861: 5.21 | U861: 21285.45 | V861: 34.04 | W861: 625.30699 | X861: 2.9377203 | Y861: 16916.95 | Z861: 32.18 | AA861: 525.69764 | AB861: 3.1075202

Sheet Mid vs Small Yield

Sheet Dollar Index

Sheet Indian Bond Vs USA Bond 10 Year

Sheet Currency Vs Market Cap

Sheet Yield in Short term & Long term

Sheet Beer Ratio

Sheet Nifty Earning Yield

Sheet CHART Market Cap to GDP

Sheet Marketcap
A1: S.no | B1: Date | C1: Market Cap | D1: US $ | E1: USD/INR | F1: Trillion | G1: Market Cap to GDP | H1: BEER | I1: Nifty 50 Earning Yield | J1: NIFTY 50 EPS | K1: India 10Yr Yield | L1: Nifty 50 | M1: Price to Book | N1: Yield Gap | O1: Nifty 50 pe | P1: US 10yr Bond | Q1: India yr- US 10yr | R1: Dollar index | S1: PREITY Ratio | T1: 91 day T Bill | U1: Nifty Midcap 150 | V1: Midcap 150 PE | W1: Midcap EPS | X1: Midcap Earning Yield | Y1: Nifty Smallcap 250 | Z1: Smallcap 250 PE | AA1: Smallcap EPS | AB1: Smallcap Earning Yield
A2: 1 | B2: 44795 | C2: 27395003 | D2: =C2/E2 -> 343037.85 | E2: 79.86 | F2: =D2/100000 -> 3.4303785 | G2: =(F2/DataSheet!$C$9*100) -> 108.30711 | H2: =K2/I2 -> 1.517976 | I2: =(J2/L2)*100 -> 4.789272 | J2: =L2/O2 -> 837.6772 | K2: 7.27 | L2: 17490.7 | M2: 4.09 | N2: =K2-I2 -> 2.480728 | O2: 20.88 | P2: 3.024 | Q2: =K2-P2 -> 4.246 | R2: 108.981 | S2: =(O2*T2) -> 116.5104 | T2: 5.58 | U2: 11489.8 | V2: 25.24 | W2: =U2/V2 -> 455.22187 | X2: =(W2/U2)*100 -> 3.9619651 | Y2: 8960.3 | Z2: 18.67 | AA2: =Y2/Z2 -> 479.93037 | AB2: =(AA2/Y2)*100 -> 5.3561864
A3: 2 | B3: 44796 | C3: 27528171 | D3: =C3/E3 -> 345007.78 | E3: 79.79 | F3: =D3/100000 -> 3.4500778 | G3: =(F3/DataSheet!$C$9*100) -> 108.92907 | H3: =K3/I3 -> 1.5275538 | I3: =(J3/L3)*100 -> 4.7664442 | J3: =L3/O3 -> 837.82173 | K3: 7.281 | L3: 17577.5 | M3: 4.11 | N3: =K3-I3 -> 2.5145558 | O3: 20.98 | P3: 3.057 | Q3: =K3-P3 -> 4.224 | R3: 108.554 | S3: =(O3*T3) -> 115.8096 | T3: 5.52 | U3: 11598.85 | V3: 25.48 | W3: =U3/V3 -> 455.21389 | X3: =(W3/U3)*100 -> 3.9246468 | Y3: 9050.85 | Z3: 18.86 | AA3: =Y3/Z3 -> 479.89661 | AB3: =(AA3/Y3)*100 -> 5.3022269
A4: 3 | B4: 44797 | C4: 27616281 | D4: =C4/E4 -> 345860.65 | E4: 79.848 | F4: =D4/100000 -> 3.4586065 | G4: =(F4/DataSheet!$C$9*100) -> 109.19835 | H4: =K4/I4 -> 1.5315172 | I4: =(J4/L4)*100 -> 4.7573739 | J4: =L4/O4 -> 837.5333 | K4: 7.286 | L4: 17604.95 | M4: 4.11 | N4: =K4-I4 -> 2.5286261 | O4: 21.02 | P4: 3.109 | Q4: =K4-P4 -> 4.177 | R4: 108.616 | S4: =(O4*T4) -> 117.2916 | T4: 5.58 | U4: 11675.05 | V4: 25.55 | W4: =U4/V4 -> 456.94912 | X4: =(W4/U4)*100 -> 3.9138943 | Y4: 9129.9 | Z4: 19.02 | AA4: =Y4/Z4 -> 480.01577 | AB4: =(AA4/Y4)*100 -> 5.2576236
A5: 4 | B5: 44798 | C5: 27584524 | D5: =C5/E5 -> 345471.59 | E5: 79.846 | F5: =D5/100000 -> 3.4547159 | G5: =(F5/DataSheet!$C$9*100) -> 109.07551 | H5: =K5/I5 -> 1.5254864 | I5: =(J5/L5)*100 -> 4.7801147 | J5: =L5/O5 -> 837.59321 | K5: 7.292 | L5: 17522.45 | M5: 4.09 | N5: =K5-I5 -> 2.5118853 | O5: 20.92 | P5: 3.031 | Q5: =K5-P5 -> 4.261 | R5: 108.433 | S5: =(O5*T5) -> 117.5704 | T5: 5.62 | U5: 11685.85 | V5: 25.58 | W5: =U5/V5 -> 456.83542 | X5: =(W5/U5)*100 -> 3.9093041 | Y5: 9160.6 | Z5: 19.09 | AA5: =Y5/Z5 -> 479.8638 | AB5: =(AA5/Y5)*100 -> 5.2383447
A6: 5 | B6: 44799 | C6: 27696112 | D6: =C6/E6 -> 345829.63 | E6: 80.086 | F6: =D6/100000 -> 3.4582963 | G6: =(F6/DataSheet!$C$9*100) -> 109.18855 | H6: =K6/I6 -> 1.5126832 | I6: =(J6/L6)*100 -> 4.7709924 | J6: =L6/O6 -> 837.73378 | K6: 7.217 | L6: 17558.9 | M6: 4.1 | N6: =K6-I6 -> 2.4460076 | O6: 20.96 | P6: 3.03 | Q6: =K6-P6 -> 4.187 | R6: 108.751 | S6: =(O6*T6) -> 117.1664 | T6: 5.59 | U6: 11730.6 | V6: 25.68 | W6: =U6/V6 -> 456.79907 | X6: =(W6/U6)*100 -> 3.894081 | Y6: 9227.05 | Z6: 19.22 | AA6: =Y6/Z6 -> 480.07544 | AB6: =(AA6/Y6)*100 -> 5.2029136
A7: 6 | B7: 44802 | C7: 27456316 | D7: =C7/E7 -> 343221.11 | E7: 79.996 | F7: =D7/100000 -> 3.4322111 | G7: =(F7/DataSheet!$C$9*100) -> 108.36497 | H7: =K7/I7 -> 1.4975415 | I7: =(J7/L7)*100 -> 4.8379294 | J7: =L7/O7 -> 837.54233 | K7: 7.245 | L7: 17312 | M7: 4.05 | N7: =K7-I7 -> 2.4070706 | O7: 20.67 | P7: 3.114 | Q7: =K7-P7 -> 4.131 | R7: 108.79 | S7: =(O7*T7) -> 115.752 | T7: 5.6 | U7: 11633.9 | V7: 25.46 | W7: =U7/V7 -> 456.94815 | X7: =(W7/U7)*100 -> 3.9277298 | Y7: 9172.2 | Z7: 19.11 | AA7: =Y7/Z7 -> 479.9686 | AB7: =(AA7/Y7)*100 -> 5.2328624
A8: 7 | B8: 44803 | C8: 28024622 | D8: =C8/E8 -> 352422.31 | E8: 79.52 | F8: =D8/100000 -> 3.5242231 | G8: =(F8/DataSheet!$C$9*100) -> 111.27006 | H8: =K8/I8 -> 1.524068 | I8: =(J8/L8)*100 -> 4.7169811 | J8: =L8/O8 -> 837.70283 | K8: 7.189 | L8: 17759.3 | M8: 4.12 | N8: =K8-I8 -> 2.4720189 | O8: 21.2 | P8: 3.112 | Q8: =K8-P8 -> 4.077 | R8: 108.749 | S8: =(O8*T8) -> 118.508 | T8: 5.59 | U8: 11867 | V8: 26 | W8: =U8/V8 -> 456.42308 | X8: =(W8/U8)*100 -> 3.8461538 | Y8: 9285.8 | Z8: 19.35 | AA8: =Y8/Z8 -> 479.8863 | AB8: =(AA8/Y8)*100 -> 5.1679587
A9: 8 | B9: 44805 | C9: 27875475 | D9: =C9/E9 -> 350150.42 | E9: 79.61 | F9: =D9/100000 -> 3.5015042 | G9: =(F9/DataSheet!$C$9*100) -> 110.55275 | H9: =K9/I9 -> 1.510821 | I9: =(J9/L9)*100 -> 4.7755492 | J9: =L9/O9 -> 837.76504 | K9: 7.215 | L9: 17542.8 | M9: 4.07 | N9: =K9-I9 -> 2.4394508 | O9: 20.94 | P9: 3.196 | Q9: =K9-P9 -> 4.019 | R9: 108.665 | S9: =(O9*T9) -> 118.5204 | T9: 5.66 | U9: 11896.95 | V9: 26.06 | W9: =U9/V9 -> 456.52149 | X9: =(W9/U9)*100 -> 3.8372985 | Y9: 9313.85 | Z9: 19.4 | AA9: =Y9/Z9 -> 480.09536 | AB9: =(AA9/Y9)*100 -> 5.1546392
A10: 9 | B10: 44806 | C10: 27846733 | D10: =C10/E10 -> 348781.73 | E10: 79.84 | F10: =D10/100000 -> 3.4878173 | G10: =(F10/DataSheet!$C$9*100) -> 110.12062 | H10: =K10/I10 -> 1.515009 | I10: =(J10/L10)*100 -> 4.7755492 | J10: =L10/O10 -> 837.60506 | K10: 7.235 | L10: 17539.45 | M10: 4.07 | N10: =K10-I10 -> 2.4594508 | O10: 20.94 | P10: 3.259 | Q10: =K10-P10 -> 3.976 | R10: 109.678 | S10: =(O10*T10) -> 117.8922 | T10: 5.63 | U10: 11865.55 | V10: 26 | W10: =U10/V10 -> 456.36731 | X10: =(W10/U10)*100 -> 3.8461538 | Y10: 9333.95 | Z10: 19.45 | AA10: =Y10/Z10 -> 479.8946 | AB10: =(AA10/Y10)*100 -> 5.1413882
A11: 10 | B11: 44809 | C11: 27982150 | D11: =C11/E11 -> 350697.46 | E11: 79.79 | F11: =D11/100000 -> 3.5069746 | G11: =(F11/DataSheet!$C$9*100) -> 110.72547 | H11: =K11/I11 -> 1.5224871 | I11: =(J11/L11)*100 -> 4.7415837 | J11: =L11/O11 -> 837.63869 | K11: 7.219 | L11: 17665.8 | M11: 4.1 | N11: =K11-I11 -> 2.4774163 | O11: 21.09 | P11: 3.195 | Q11: =K11-P11 -> 4.024 | R11: 109.51 | S11: =(O11*T11) -> 118.7367 | T11: 5.63 | U11: 11930.35 | V11: 26.14 | W11: =U11/V11 -> 456.40207 | X11: =(W11/U11)*100 -> 3.8255547 | Y11: 9427.45 | Z11: 19.64 | AA11: =Y11/Z11 -> 480.01273 | AB11: =(AA11/Y11)*100 -> 5.0916497
A12: 11 | B12: 44810 | C12: 28036303 | D12: =C12/E12 -> 351389.36 | E12: 79.787 | F12: =D12/100000 -> 3.5138936 | G12: =(F12/DataSheet!$C$9*100) -> 110.94392 | H12: =K12/I12 -> 1.5137548 | I12: =(J12/L12)*100 -> 4.743833 | J12: =L12/O12 -> 837.55218 | K12: 7.181 | L12: 17655.6 | M12: 4.1 | N12: =K12-I12 -> 2.437167 | O12: 21.08 | P12: 3.223 | Q12: =K12-P12 -> 3.958 | R12: 109.51 | S12: =(O12*T12) -> 118.048 | T12: 5.6 | U12: 11974.95 | V12: 26.23 | W12: =U12/V12 -> 456.53641 | X12: =(W12/U12)*100 -> 3.8124285 | Y12: 9457.25 | Z12: 19.7 | AA12: =Y12/Z12 -> 480.06345 | AB12: =(AA12/Y12)*100 -> 5.0761421
A13: 12 | B13: 44811 | C13: 28089962 | D13: =C13/E13 -> 351563.98 | E13: 79.9 | F13: =D13/100000 -> 3.5156398 | G13: =(F13/DataSheet!$C$9*100) -> 110.99906 | H13: =K13/I13 -> 1.5115136 | I13: =(J13/L13)*100 -> 4.7528517 | J13: =L13/O13 -> 837.6616 | K13: 7.184 | L13: 17624.4 | M13: 4.1 | N13: =K13-I13 -> 2.4311483 | O13: 21.04 | P13: 3.351 | Q13: =K13-P13 -> 3.833 | R13: 110.204 | S13: =(O13*T13) -> 117.6136 | T13: 5.59 | U13: 12038.85 | V13: 26.38 | W13: =U13/V13 -> 456.36277 | X13: =(W13/U13)*100 -> 3.7907506 | Y13: 9533.55 | Z13: 19.86 | AA13: =Y13/Z13 -> 480.03776 | AB13: =(AA13/Y13)*100 -> 5.0352467
... A92: 91 | B92: 44925 | C92: 28323372 | D92: =C92/E92 -> 342441.93 | E92: 82.71 | F92: =D92/100000 -> 3.4244193 | G92: =(F92/DataSheet!$C$9*100) -> 108.11896 | H92: =K92/I92 -> 1.595028 | I92: =(J92/L92)*100 -> 4.5892611 | J92: =L92/O92 -> 830.8995 | K92: 7.32 | L92: 18105.3 | M92: 4.25 | N92: =K92-I92 -> 2.7307389 | O92: 21.79 | P92: 3.87 | Q92: =K92-P92 -> 3.45 | R92: 103.26 | S92: =(O92*T92) -> 138.1486 | T92: 6.34 | U92: 11885.75 | V92: 26.12 | W92: =U92/V92 -> 455.04403 | X92: =(W92/U92)*100 -> 3.8284839 | Y92: 9481.25 | Z92: 19.04 | AA92: =Y92/Z92 -> 497.96481 | AB92: =(AA92/Y92)*100 -> 5.2521008
A93: 92 | B93: 44928 | C93: 28454959 | D93: =C93/E93 -> 343908.14 | E93: 82.74 | F93: =D93/100000 -> 3.4390814 | G93: =(F93/DataSheet!$C$10*100) -> 102.77849 | H93: =K93/I93 -> 1.60746 | I93: =(J93/L93)*100 -> 4.56621 | J93: =L93/O93 -> 830.93379 | K93: 7.34 | L93: 18197.45 | M93: 4.27 | N93: =K93-I93 -> 2.77379 | O93: 21.9 | P93: 3.87 | Q93: =K93-P93 -> 3.47 | R93: 104.41 | S93: =(O93*T93) -> 137.751 | T93: 6.29 | U93: 11970.3 | V93: 26.31 | W93: =U93/V93 -> 454.97149 | X93: =(W93/U93)*100 -> 3.8008362 | Y93: 9552.8 | Z93: 19.18 | AA93: =Y93/Z93 -> 498.06048 | AB93: =(AA93/Y93)*100 -> 5.2137643
A94: 93 | B94: 44929 | C94: 28548826 | D94: =C94/E94 -> 344917.55 | E94: 82.77 | F94: =D94/100000 -> 3.4491755 | G94: =(F94/DataSheet!$C$10*100) -> 103.08016 | H94: =K94/I94 -> 1.606008 | I94: =(J94/L94)*100 -> 4.5578851 | J94: =L94/O94 -> 831.01869 | K94: 7.32 | L94: 18232.55 | M94: 4.28 | N94: =K94-I94 -> 2.7621149 | O94: 21.94 | P94: 3.75 | Q94: =K94-P94 -> 3.57 | R94: 104.31 | S94: =(O94*T94) -> 138.222 | T94: 6.3 | U94: 11994.4 | V94: 26.36 | W94: =U94/V94 -> 455.02276 | X94: =(W94/U94)*100 -> 3.7936267 | Y94: 9566.55 | Z94: 19.21 | AA94: =Y94/Z94 -> 497.99844 | AB94: =(AA94/Y94)*100 -> 5.2056221
A95: 94 | B95: 44930 | C95: 28257666 | D95: =C95/E95 -> 341936.91 | E95: 82.64 | F95: =D95/100000 -> 3.4193691 | G95: =(F95/DataSheet!$C$10*100) -> 102.18938 | H95: =K95/I95 -> 1.589172 | I95: =(J95/L95)*100 -> 4.6061723 | J95: =L95/O95 -> 831.08936 | K95: 7.32 | L95: 18042.95 | M95: 4.23 | N95: =K95-I95 -> 2.7138277 | O95: 21.71 | P95: 3.69 | Q95: =K95-P95 -> 3.63 | R95: 104.02 | S95: =(O95*T95) -> 138.0756 | T95: 6.36 | U95: 11886.95 | V95: 26.12 | W95: =U95/V95 -> 455.08997 | X95: =(W95/U95)*100 -> 3.8284839 | Y95: 9480.9 | Z95: 19.04 | AA95: =Y95/Z95 -> 497.94643 | AB95: =(AA95/Y95)*100 -> 5.2521008
A96: 95 | B96: 44931 | C96: 28279706 | D96: =C96/E96 -> 342535.19 | E96: 82.56 | F96: =D96/100000 -> 3.4253519 | G96: =(F96/DataSheet!$C$10*100) -> 102.36818 | H96: =K96/I96 -> 1.58478 | I96: =(J96/L96)*100 -> 4.6189376 | J96: =L96/O96 -> 831.04619 | K96: 7.32 | L96: 17992.15 | M96: 4.22 | N96: =K96-I96 -> 2.7010624 | O96: 21.65 | P96: 3.72 | Q96: =K96-P96 -> 3.6 | R96: 104.82 | S96: =(O96*T96) -> 137.9105 | T96: 6.37 | U96: 11932.85 | V96: 26.22 | W96: =U96/V96 -> 455.10488 | X96: =(W96/U96)*100 -> 3.8138825 | Y96: 9479.5 | Z96: 19.03 | AA96: =Y96/Z96 -> 498.13452 | AB96: =(AA96/Y96)*100 -> 5.2548607
A97: 96 | B97: 44932 | C97: 28057696 | D97: =C97/E97 -> 341044.08 | E97: 82.27 | F97: =D97/100000 -> 3.4104408 | G97: =(F97/DataSheet!$C$10*100) -> 101.92255 | H97: =K97/I97 -> 1.583813 | I97: =(J97/L97)*100 -> 4.6533271 | J97: =L97/O97 -> 831.05863 | K97: 7.37 | L97: 17859.45 | M97: 4.19 | N97: =K97-I97 -> 2.7166729 | O97: 21.49 | P97: 3.56 | Q97: =K97-P97 -> 3.81 | R97: 103.64 | S97: =(O97*T97) -> 136.8913 | T97: 6.37 | U97: 11850.6 | V97: 26.04 | W97: =U97/V97 -> 455.09217 | X97: =(W97/U97)*100 -> 3.8402458 | Y97: 9406.75 | Z97: 18.89 | AA97: =Y97/Z97 -> 497.97512 | AB97: =(AA97/Y97)*100 -> 5.2938062
A98: 97 | B98: 44935 | C98: 28374278 | D98: =C98/E98 -> 345311.89 | E98: 82.17 | F98: =D98/100000 -> 3.4531189 | G98: =(F98/DataSheet!$C$10*100) -> 103.19801 | H98: =K98/I98 -> 1.598652 | I98: =(J98/L98)*100 -> 4.5913682 | J98: =L98/O98 -> 831.09275 | K98: 7.34 | L98: 18101.2 | M98: 4.25 | N98: =K98-I98 -> 2.7486318 | O98: 21.78 | P98: 3.52 | Q98: =K98-P98 -> 3.82 | R98: 102.73 | S98: =(O98*T98) -> 138.9564 | T98: 6.38 | U98: 11948.9 | V98: 26.26 | W98: =U98/V98 -> 455.02285 | X98: =(W98/U98)*100 -> 3.8080731 | Y98: 9444.15 | Z98: 18.96 | AA98: =Y98/Z98 -> 498.10918 | AB98: =(AA98/Y98)*100 -> 5.2742616
A99: 98 | B99: 44936 | C99: 28164222 | D99: =C99/E99 -> 345149.78 | E99: 81.6 | F99: =D99/100000 -> 3.4514978 | G99: =(F99/DataSheet!$C$10*100) -> 103.14956 | H99: =K99/I99 -> 1.576036 | I99: =(J99/L99)*100 -> 4.6382189 | J99: =L99/O99 -> 830.8975 | K99: 7.31 | L99: 17914.15 | M99: 4.2 | N99: =K99-I99 -> 2.6717811 | O99: 21.56 | P99: 3.61 | Q99: =K99-P99 -> 3.7 | R99: 102.98 | S99: =(O99*T99) -> 137.5528 | T99: 6.38 | U99: 11899.55 | V99: 26.15 | W99: =U99/V99 -> 455.04971 | X99: =(W99/U99)*100 -> 3.8240918 | Y99: 9398 | Z99: 18.87 | AA99: =Y99/Z99 -> 498.03922 | AB99: =(AA99/Y99)*100 -> 5.2994171
A100: 99 | B100: 44937 | C100: 28116864 | D100: =C100/E100 -> 344442.78 | E100: 81.63 | F100: =D100/100000 -> 3.4444278 | G100: =(F100/DataSheet!$C$10*100) -> 102.93827 | H100: =K100/I100 -> 1.568808 | I100: =(J100/L100)*100 -> 4.6468401 | J100: =L100/O100 -> 831.58457 | K100: 7.29 | L100: 17895.7 | M100: 4.2 | N100: =K100-I100 -> 2.6431599 | O100: 21.52 | P100: 3.54 | Q100: =K100-P100 -> 3.75 | R100: 102.92 | S100: =(O100*T100) -> 137.728 | T100: 6.4 | U100: 11862.85 | V100: 26.07 | W100: =U100/V100 -> 455.03836 | X100: =(W100/U100)*100 -> 3.8358266 | Y100: 9403.2 | Z100: 18.88 | AA100: =Y100/Z100 -> 498.05085 | AB100: =(AA100/Y100)*100 -> 5.2966102
A101: 100 | B101: 44938 | C101: 28079395 | D101: =C101/E101 -> 346231.75 | E101: 81.1 | F101: =D101/100000 -> 3.4623175 | G101: =(F101/DataSheet!$C$10*100) -> 103.47291 | H101: =K101/I101 -> 1.563016 | I101: =(J101/L101)*100 -> 4.6576619 | J101: =L101/O101 -> 831.77457 | K101: 7.28 | L101: 17858.2 | M101: 4.19 | N101: =K101-I101 -> 2.6223381 | O101: 21.47 | P101: 3.44 | Q101: =K101-P101 -> 3.84 | R101: 101.99 | S101: =(O101*T101) -> 137.8374 | T101: 6.42 | U101: 11836.4 | V101: 26.01 | W101: =U101/V101 -> 455.07113 | X101: =(W101/U101)*100 -> 3.8446751 | Y101: 9409.4 | Z101: 18.89 | AA101: =Y101/Z101 -> 498.1154 | AB101: =(AA101/Y101)*100 -> 5.2938062
A102: 101 | B102: 44939 | C102: 28213564 | D102: =C102/E102 -> 347115.7 | E102: 81.28 | F102: =D102/100000 -> 3.471157 | G102: =(F102/DataSheet!$C$10*100) -> 103.73709 | H102: =K102/I102 -> 1.570266 | I102: =(J102/L102)*100 -> 4.6425255 | J102: =L102/O102 -> 833.63974 | K102: 7.29 | L102: 17956.6 | M102: 4.21 | N102: =K102-I102 -> 2.6474745 | O102: 21.54 | P102: 3.49 | Q102: =K102-P102 -> 3.8 | R102: 101.94 | S102: =(O102*T102) -> 138.2868 | T102: 6.42 | U102: 11830.4 | V102: 26 | W102: =U102/V102 -> 455.01538 | X102: =(W102/U102)*100 -> 3.8461538 | Y102: 9436.25 | Z102: 18.94 | AA102: =Y102/Z102 -> 498.21806 | AB102: =(AA102/Y102)*100 -> 5.279831
A103: 102 | B103: 44942 | C103: 28147293 | D103: =C103/E103 -> 344857.79 | E103: 81.62 | F103: =D103/100000 -> 3.4485779 | G103: =(F103/DataSheet!$C$10*100) -> 103.0623 | H103: =K103/I103 -> 1.562088 | I103: =(J103/L103)*100 -> 4.6860356 | J103: =L103/O103 -> 838.55904 | K103: 7.32 | L103: 17894.85 | M103: 4.19 | N103: =K103-I103 -> 2.6339644 | O103: 21.34 | P103: 3.52 | Q103: =K103-P103 -> 3.8 | R103: 101.94 | S103: =(O103*T103) -> 137.2162 | T103: 6.43 | U103: 11800.3 | V103: 26.16 | W103: =U103/V103 -> 451.0818 | X103: =(W103/U103)*100 -> 3.82263 | Y103: 9431.25 | Z103: 18.93 | AA103: =Y103/Z103 -> 498.21712 | AB103: =(AA103/Y103)*100 -> 5.2826202
A104: 103 | B104: 44943 | C104: 28272805 | D104: =C104/E104 -> 346353.11 | E104: 81.63 | F104: =D104/100000 -> 3.4635311 | G104: =(F104/DataSheet!$C$10*100) -> 103.50918 | H104: =K104/I104 -> 1.578149 | I104: =(J104/L104)*100 -> 4.6446818 | J104: =L104/O104 -> 838.51835 | K104: 7.33 | L104: 18053.3 | M104: 4.23 | N104: =K104-I104 -> 2.6853182 | O104: 21.53 | P104: 3.54 | Q104: =K104-P104 -> 3.79 | R104: 102.14 | S104: =(O104*T104) -> 138.4379 | T104: 6.43 | U104: 11793.6 | V104: 26.03 | W104: =U104/V104 -> 453.07722 | X104: =(W104/U104)*100 -> 3.8417211 | Y104: 9417.95 | Z104: 18.87 | AA104: =Y104/Z104 -> 499.09645 | AB104: =(AA104/Y104)*100 -> 5.2994171
... A338: 345 | B338: 45289 | C338: 36937726 | D338: =C338/E338 -> 444016.42 | E338: 83.19 | F338: =D338/100000 -> 4.4401642 | G338: =(F338/DataSheet!$C$10*100) -> 132.6963 | H338: =K338/I338 -> 1.661289 | I338: =(J338/L338)*100 -> 4.3159258 | J338: =L338/O338 -> 937.91109 | K338: 7.17 | L338: 21731.4 | M338: 3.81 | N338: =K338-I338 -> 2.8540742 | O338: 23.17 | P338: 3.86 | Q338: =K338-P338 -> 3.31 | R338: 101.02 | S338: =(O338*T338) -> 159.873 | T338: 6.9 | U338: 17077.05 | V338: 26.51 | W338: =U338/V338 -> 644.1739 | X338: =(W338/U338)*100 -> 3.7721614 | Y338: 14041.3 | Z338: 27.37 | AA338: =Y338/Z338 -> 513.0179 | AB338: =(AA338/Y338)*100 -> 3.6536354
A339: 346 | B339: 45292 | C339: 37094900 | D339: =C339/E339 -> 445691.46 | E339: 83.23 | F339: =D339/100000 -> 4.4569146 | G339: =(F339/DataSheet!$C$11*100) -> 122.49352 | H339: =K339/I339 -> 1.666642 | I339: =(J339/L339)*100 -> 4.3140638 | J339: =L339/O339 -> 937.95945 | K339: 7.19 | L339: 21741.9 | M339: 3.81 | N339: =K339-I339 -> 2.8759362 | O339: 23.18 | P339: 3.89 | Q339: =K339-P339 -> 3.3 | R339: 101.02 | S339: =(O339*T339) -> 160.8692 | T339: 6.94 | U339: 17174 | V339: 26.66 | W339: =U339/V339 -> 644.18605 | X339: =(W339/U339)*100 -> 3.7509377 | Y339: 14129.7 | Z339: 27.54 | AA339: =Y339/Z339 -> 513.061 | AB339: =(AA339/Y339)*100 -> 3.6310821
A340: 347 | B340: 45293 | C340: 37029724 | D340: =C340/E340 -> 444694.65 | E340: 83.27 | F340: =D340/100000 -> 4.4469465 | G340: =(F340/DataSheet!$C$11*100) -> 122.21956 | H340: =K340/I340 -> 1.6632 | I340: =(J340/L340)*100 -> 4.3290043 | J340: =L340/O340 -> 937.91342 | K340: 7.2 | L340: 21665.8 | M340: 3.79 | N340: =K340-I340 -> 2.8709957 | O340: 23.1 | P340: 3.94 | Q340: =K340-P340 -> 3.26 | R340: 101.89 | S340: =(O340*T340) -> 160.083 | T340: 6.93 | U340: 17148.1 | V340: 26.62 | W340: =U340/V340 -> 644.18107 | X340: =(W340/U340)*100 -> 3.756574 | Y340: 14124.25 | Z340: 27.53 | AA340: =Y340/Z340 -> 513.0494 | AB340: =(AA340/Y340)*100 -> 3.632401
A341: 348 | B341: 45294 | C341: 37019529 | D341: =C341/E341 -> 444518.84 | E341: 83.28 | F341: =D341/100000 -> 4.4451884 | G341: =(F341/DataSheet!$C$11*100) -> 122.17124 | H341: =K341/I341 -> 1.653974 | I341: =(J341/L341)*100 -> 4.3591979 | J341: =L341/O341 -> 937.98387 | K341: 7.21 | L341: 21517.35 | M341: 3.77 | N341: =K341-I341 -> 2.8508021 | O341: 22.94 | P341: 3.92 | Q341: =K341-P341 -> 3.29 | R341: 102.19 | S341: =(O341*T341) -> 158.9742 | T341: 6.93 | U341: 17189.95 | V341: 26.68 | W341: =U341/V341 -> 644.30097 | X341: =(W341/U341)*100 -> 3.7481259 | Y341: 14141 | Z341: 27.57 | AA341: =Y341/Z341 -> 512.91259 | AB341: =(AA341/Y341)*100 -> 3.6271309
A342: 349 | B342: 45295 | C342: 37346699 | D342: =C342/E342 -> 448662.89 | E342: 83.24 | F342: =D342/100000 -> 4.4866289 | G342: =(F342/DataSheet!$C$11*100) -> 123.31019 | H342: =K342/I342 -> 1.667098 | I342: =(J342/L342)*100 -> 4.3308792 | J342: =L342/O342 -> 938.0078 | K342: 7.22 | L342: 21658.6 | M342: 3.79 | N342: =K342-I342 -> 2.8891208 | O342: 23.09 | P342: 4 | Q342: =K342-P342 -> 3.22 | R342: 102.13 | S342: =(O342*T342) -> 160.7064 | T342: 6.96 | U342: 17443.75 | V342: 27.07 | W342: =U342/V342 -> 644.39416 | X342: =(W342/U342)*100 -> 3.6941263 | Y342: 14286.3 | Z342: 27.85 | AA342: =Y342/Z342 -> 512.97307 | AB342: =(AA342/Y342)*100 -> 3.5906643
A343: 350 | B343: 45296 | C343: 37448192 | D343: =C343/E343 -> 450640.1 | E343: 83.1 | F343: =D343/100000 -> 4.506401 | G343: =(F343/DataSheet!$C$11*100) -> 123.8536 | H343: =K343/I343 -> 1.673745 | I343: =(J343/L343)*100 -> 4.3196544 | J343: =L343/O343 -> 937.83153 | K343: 7.23 | L343: 21710.8 | M343: 3.8 | N343: =K343-I343 -> 2.9103456 | O343: 23.15 | P343: 4.05 | Q343: =K343-P343 -> 3.18 | R343: 102.12 | S343: =(O343*T343) -> 160.4295 | T343: 6.93 | U343: 17499.65 | V343: 27.16 | W343: =U343/V343 -> 644.31701 | X343: =(W343/U343)*100 -> 3.6818851 | Y343: 14382.4 | Z343: 28.04 | AA343: =Y343/Z343 -> 512.92439 | AB343: =(AA343/Y343)*100 -> 3.5663338
A344: 351 | B344: 45299 | C344: 37150869 | D344: =C344/E344 -> 447385.22 | E344: 83.04 | F344: =D344/100000 -> 4.4738522 | G344: =(F344/DataSheet!$C$11*100) -> 122.95903 | H344: =K344/I344 -> 1.65168 | I344: =(J344/L344)*100 -> 4.3591979 | J344: =L344/O344 -> 937.79425 | K344: 7.2 | L344: 21513 | M344: 3.77 | N344: =K344-I344 -> 2.8408021 | O344: 22.94 | P344: 4.02 | Q344: =K344-P344 -> 3.18 | R344: 101.92 | S344: =(O344*T344) -> 159.433 | T344: 6.95 | U344: 17350.55 | V344: 26.93 | W344: =U344/V344 -> 644.28333 | X344: =(W344/U344)*100 -> 3.7133309 | Y344: 14298.2 | Z344: 27.87 | AA344: =Y344/Z344 -> 513.03193 | AB344: =(AA344/Y344)*100 -> 3.5880875
A345: 352 | B345: 45300 | C345: 37265203 | D345: =C345/E345 -> 448438.06 | E345: 83.1 | F345: =D345/100000 -> 4.4843806 | G345: =(F345/DataSheet!$C$11*100) -> 123.2484 | H345: =K345/I345 -> 1.649246 | I345: =(J345/L345)*100 -> 4.3535046 | J345: =L345/O345 -> 937.95603 | K345: 7.18 | L345: 21544.85 | M345: 3.77 | N345: =K345-I345 -> 2.8264954 | O345: 22.97 | P345: 4.01 | Q345: =K345-P345 -> 3.17 | R345: 102.28 | S345: =(O345*T345) -> 159.8712 | T345: 6.96 | U345: 17382 | V345: 26.98 | W345: =U345/V345 -> 644.255 | X345: =(W345/U345)*100 -> 3.7064492 | Y345: 14350.9 | Z345: 27.97 | AA345: =Y345/Z345 -> 513.08187 | AB345: =(AA345/Y345)*100 -> 3.5752592
A346: 353 | B346: 45301 | C346: 37392677 | D346: =C346/E346 -> 450405.65 | E346: 83.02 | F346: =D346/100000 -> 4.5040565 | G346: =(F346/DataSheet!$C$11*100) -> 123.78917 | H346: =K346/I346 -> 1.652685 | I346: =(J346/L346)*100 -> 4.3383948 | J346: =L346/O346 -> 937.90456 | K346: 7.17 | L346: 21618.7 | M346: 3.79 | N346: =K346-I346 -> 2.8316052 | O346: 23.05 | P346: 4.03 | Q346: =K346-P346 -> 3.14 | R346: 102.08 | S346: =(O346*T346) -> 160.428 | T346: 6.96 | U346: 17425.35 | V346: 27.05 | W346: =U346/V346 -> 644.19039 | X346: =(W346/U346)*100 -> 3.6968577 | Y346: 14379.85 | Z346: 28.03 | AA346: =Y346/Z346 -> 513.01641 | AB346: =(AA346/Y346)*100 -> 3.5676061
A347: 354 | B347: 45302 | C347: 37565219 | D347: =C347/E347 -> 452266.06 | E347: 83.06 | F347: =D347/100000 -> 4.5226606 | G347: =(F347/DataSheet!$C$11*100) -> 124.30048 | H347: =K347/I347 -> 1.652528 | I347: =(J347/L347)*100 -> 4.3327556 | J347: =L347/O347 -> 937.92028 | K347: 7.16 | L347: 21647.2 | M347: 3.79 | N347: =K347-I347 -> 2.8272444 | O347: 23.08 | P347: 3.97 | Q347: =K347-P347 -> 3.19 | R347: 102.02 | S347: =(O347*T347) -> 160.406 | T347: 6.95 | U347: 17500.5 | V347: 27.16 | W347: =U347/V347 -> 644.34831 | X347: =(W347/U347)*100 -> 3.6818851 | Y347: 14498.55 | Z347: 28.28 | AA347: =Y347/Z347 -> 512.67857 | AB347: =(AA347/Y347)*100 -> 3.5360679
A348: 355 | B348: 45303 | C348: 37846544 | D348: =C348/E348 -> 456808.02 | E348: 82.85 | F348: =D348/100000 -> 4.5680802 | G348: =(F348/DataSheet!$C$11*100) -> 125.54879 | H348: =K348/I348 -> 1.673478 | I348: =(J348/L348)*100 -> 4.2844901 | J348: =L348/O348 -> 938.06984 | K348: 7.17 | L348: 21894.55 | M348: 3.83 | N348: =K348-I348 -> 2.8855099 | O348: 23.34 | P348: 3.93 | Q348: =K348-P348 -> 3.24 | R348: 102.15 | S348: =(O348*T348) -> 162.213 | T348: 6.95 | U348: 17563.85 | V348: 27.26 | W348: =U348/V348 -> 644.30851 | X348: =(W348/U348)*100 -> 3.6683786 | Y348: 14552.75 | Z348: 28.39 | AA348: =Y348/Z348 -> 512.60127 | AB348: =(AA348/Y348)*100 -> 3.522367
A349: 356 | B349: 45306 | C349: 38129439 | D349: =C349/E349 -> 460389.27 | E349: 82.82 | F349: =D349/100000 -> 4.6038927 | G349: =(F349/DataSheet!$C$11*100) -> 126.53306 | H349: =K349/I349 -> 1.684326 | I349: =(J349/L349)*100 -> 4.2390844 | J349: =L349/O349 -> 936.72955 | K349: 7.14 | L349: 22097.45 | M349: 3.87 | N349: =K349-I349 -> 2.9009156 | O349: 23.59 | P349: 3.98 | Q349: =K349-P349 -> 3.16 | R349: 102.15 | S349: =(O349*T349) -> 163.9505 | T349: 6.95 | U349: 17656.35 | V349: 27.39 | W349: =U349/V349 -> 644.6276 | X349: =(W349/U349)*100 -> 3.6509675 | Y349: 14589 | Z349: 28.45 | AA349: =Y349/Z349 -> 512.79438 | AB349: =(AA349/Y349)*100 -> 3.5149385
A350: 357 | B350: 45307 | C350: 38021747 | D350: =C350/E350 -> 457652.23 | E350: 83.08 | F350: =D350/100000 -> 4.5765223 | G350: =(F350/DataSheet!$C$11*100) -> 125.78081 | H350: =K350/I350 -> 1.679328 | I350: =(J350/L350)*100 -> 4.2517007 | J350: =L350/O350 -> 936.74745 | K350: 7.14 | L350: 22032.3 | M350: 3.86 | N350: =K350-I350 -> 2.8882993 | O350: 23.52 | P350: 4.05 | Q350: =K350-P350 -> 3.09 | R350: 103.11 | S350: =(O350*T350) -> 163.9344 | T350: 6.97 | U350: 17599.8 | V350: 27.3 | W350: =U350/V350 -> 644.68132 | X350: =(W350/U350)*100 -> 3.6630037 | Y350: 14549.05 | Z350: 28.37 | AA350: =Y350/Z350 -> 512.83222 | AB350: =(AA350/Y350)*100 -> 3.5248502
... A587: 651 | B587: 45657 | C587: 44347671 | D587: =C587/E587 -> 518358.82 | E587: 85.554 | F587: =D587/100000 -> 5.1835882 | G587: =(F587/DataSheet!$C$11*100) -> 142.46537 | H587: =K587/I587 -> 1.4727861 | I587: =(J587/L587)*100 -> 4.5892611 | J587: =L587/O587 -> 1085.1216 | K587: 6.759 | L587: 23644.8 | M587: 3.53 | N587: =K587-I587 -> 2.1697389 | O587: 21.79 | P587: 4.572 | Q587: =K587-P587 -> 2.187 | R587: 108.296 | S587: =(O587*T587) -> 143.3782 | T587: 6.58 | U587: 21141.2 | V587: 43.3 | W587: =U587/V587 -> 488.24942 | X587: =(W587/U587)*100 -> 2.3094688 | Y587: 17752.25 | Z587: 34.39 | AA587: =Y587/Z587 -> 516.20384 | AB587: =(AA587/Y587)*100 -> 2.907822
A588: 652 | B588: 45658 | C588: 44594474 | D588: =C588/E588 -> 520689.75 | E588: 85.645 | F588: =D588/100000 -> 5.2068975 | G588: =(F588/DataSheet!$C$12*100) -> 138.45149 | H588: =K588/I588 -> 1.4832452 | I588: =(J588/L588)*100 -> 4.5703839 | J588: =L588/O588 -> 1085.1417 | K588: 6.779 | L588: 23742.9 | M588: 3.54 | N588: =K588-I588 -> 2.2086161 | O588: 21.88 | P588: 4.572 | Q588: =K588-P588 -> 2.207 | R588: 108.296 | S588: =(O588*T588) -> 143.9704 | T588: 6.58 | U588: 21246.5 | V588: 43.52 | W588: =U588/V588 -> 488.20083 | X588: =(W588/U588)*100 -> 2.2977941 | Y588: 17908.8 | Z588: 34.7 | AA588: =Y588/Z588 -> 516.10375 | AB588: =(AA588/Y588)*100 -> 2.8818444
A589: 653 | B589: 45659 | C589: 45200321 | D589: =C589/E589 -> 527055.98 | E589: 85.76 | F589: =D589/100000 -> 5.2705598 | G589: =(F589/DataSheet!$C$12*100) -> 140.14427 | H589: =K589/I589 -> 1.5128223 | I589: =(J589/L589)*100 -> 4.4863167 | J589: =L589/O589 -> 1085.1795 | K589: 6.787 | L589: 24188.65 | M589: 3.61 | N589: =K589-I589 -> 2.3006833 | O589: 22.29 | P589: 4.561 | Q589: =K589-P589 -> 2.226 | R589: 109.209 | S589: =(O589*T589) -> 147.114 | T589: 6.6 | U589: 21473.15 | V589: 43.98 | W589: =U589/V589 -> 488.24807 | X589: =(W589/U589)*100 -> 2.2737608 | Y589: 18007.95 | Z589: 34.89 | AA589: =Y589/Z589 -> 516.135 | AB589: =(AA589/Y589)*100 -> 2.8661508
A590: 654 | B590: 45660 | C590: 45133849 | D590: =C590/E590 -> 526274.75 | E590: 85.761 | F590: =D590/100000 -> 5.2627475 | G590: =(F590/DataSheet!$C$12*100) -> 139.93654 | H590: =K590/I590 -> 1.4995148 | I590: =(J590/L590)*100 -> 4.5207957 | J590: =L590/O590 -> 1085.2057 | K590: 6.779 | L590: 24004.75 | M590: 3.58 | N590: =K590-I590 -> 2.2582043 | O590: 22.12 | P590: 4.601 | Q590: =K590-P590 -> 2.178 | R590: 108.798 | S590: =(O590*T590) -> 146.2132 | T590: 6.61 | U590: 21419.3 | V590: 43.87 | W590: =U590/V590 -> 488.24481 | X590: =(W590/U590)*100 -> 2.279462 | Y590: 17973.05 | Z590: 34.82 | AA590: =Y590/Z590 -> 516.1703 | AB590: =(AA590/Y590)*100 -> 2.8719127
A591: 655 | B591: 45663 | C591: 44019775 | D591: =C591/E591 -> 513649.65 | E591: 85.7 | F591: =D591/100000 -> 5.1364965 | G591: =(F591/DataSheet!$C$12*100) -> 136.57953 | H591: =K591/I591 -> 1.4716288 | I591: =(J591/L591)*100 -> 4.5955882 | J591: =L591/O591 -> 1085.2964 | K591: 6.763 | L591: 23616.05 | M591: 3.52 | N591: =K591-I591 -> 2.1674118 | O591: 21.76 | P591: 4.623 | Q591: =K591-P591 -> 2.14 | R591: 108.101 | S591: =(O591*T591) -> 143.1808 | T591: 6.58 | U591: 20879.65 | V591: 42.77 | W591: =U591/V591 -> 488.18448 | X591: =(W591/U591)*100 -> 2.3380874 | Y591: 17455.7 | Z591: 33.82 | AA591: =Y591/Z591 -> 516.13542 | AB591: =(AA591/Y591)*100 -> 2.9568303
A592: 656 | B592: 45664 | C592: 44326609 | D592: =C592/E592 -> 516609.08 | E592: 85.803 | F592: =D592/100000 -> 5.1660908 | G592: =(F592/DataSheet!$C$12*100) -> 137.36644 | H592: =K592/I592 -> 1.4733264 | I592: =(J592/L592)*100 -> 4.5787546 | J592: =L592/O592 -> 1085.5266 | K592: 6.746 | L592: 23707.9 | M592: 3.54 | N592: =K592-I592 -> 2.1672454 | O592: 21.84 | P592: 4.684 | Q592: =K592-P592 -> 2.062 | R592: 108.378 | S592: =(O592*T592) -> 144.144 | T592: 6.6 | U592: 21060.8 | V592: 43.14 | W592: =U592/V592 -> 488.19657 | X592: =(W592/U592)*100 -> 2.3180343 | Y592: 17702.55 | Z592: 34.3 | AA592: =Y592/Z592 -> 516.10933 | AB592: =(AA592/Y592)*100 -> 2.9154519
A593: 657 | B593: 45665 | C593: 44115076 | D593: =C593/E593 -> 513461.55 | E593: 85.917 | F593: =D593/100000 -> 5.1346155 | G593: =(F593/DataSheet!$C$12*100) -> 136.52951 | H593: =K593/I593 -> 1.4772361 | I593: =(J593/L593)*100 -> 4.580852 | J593: =L593/O593 -> 1085.1557 | K593: 6.767 | L593: 23688.95 | M593: 3.53 | N593: =K593-I593 -> 2.186148 | O593: 21.83 | P593: 4.692 | Q593: =K593-P593 -> 2.075 | R593: 108.926 | S593: =(O593*T593) -> 143.6414 | T593: 6.58 | U593: 20840.3 | V593: 42.69 | W593: =U593/V593 -> 488.17756 | X593: =(W593/U593)*100 -> 2.342469 | Y593: 17457.9 | Z593: 33.82 | AA593: =Y593/Z593 -> 516.20047 | AB593: =(AA593/Y593)*100 -> 2.9568303
A594: 658 | B594: 45666 | C594: 43700335 | D594: =C594/E594 -> 508794.22 | E594: 85.89 | F594: =D594/100000 -> 5.0879422 | G594: =(F594/DataSheet!$C$12*100) -> 135.28847 | H594: =K594/I594 -> 1.4664352 | I594: =(J594/L594)*100 -> 4.6125461 | J594: =L594/O594 -> 1085.1707 | K594: 6.764 | L594: 23526.5 | M594: 3.51 | N594: =K594-I594 -> 2.1514539 | O594: 21.68 | P594: 4.688 | Q594: =K594-P594 -> 2.076 | R594: 109.004 | S594: =(O594*T594) -> 143.3048 | T594: 6.61 | U594: 20674.25 | V594: 42.35 | W594: =U594/V594 -> 488.17591 | X594: =(W594/U594)*100 -> 2.3612751 | Y594: 17254.35 | Z594: 33.43 | AA594: =Y594/Z594 -> 516.13371 | AB594: =(AA594/Y594)*100 -> 2.9913252
A595: 659 | B595: 45667 | C595: 43116659 | D595: =C595/E595 -> 500396.44 | E595: 86.165 | F595: =D595/100000 -> 5.0039644 | G595: =(F595/DataSheet!$C$12*100) -> 133.0555 | H595: =K595/I595 -> 1.4614271 | I595: =(J595/L595)*100 -> 4.631774 | J595: =L595/O595 -> 1085.2941 | K595: 6.769 | L595: 23431.5 | M595: 3.49 | N595: =K595-I595 -> 2.137226 | O595: 21.59 | P595: 4.762 | Q595: =K595-P595 -> 2.007 | R595: 109.487 | S595: =(O595*T595) -> 142.7099 | T595: 6.61 | U595: 20252.95 | V595: 41.48 | W595: =U595/V595 -> 488.2582 | X595: =(W595/U595)*100 -> 2.4108004 | Y595: 16833.4 | Z595: 32.61 | AA595: =Y595/Z595 -> 516.20362 | AB595: =(AA595/Y595)*100 -> 3.066544
A596: 660 | B596: 45670 | C596: 41829588 | D596: =C596/E596 -> 482764.21 | E596: 86.646 | F596: =D596/100000 -> 4.8276421 | G596: =(F596/DataSheet!$C$12*100) -> 128.36708 | H596: =K596/I596 -> 1.4541375 | I596: =(J596/L596)*100 -> 4.7058824 | J596: =L596/O596 -> 1086.3976 | K596: 6.843 | L596: 23085.95 | M596: 3.44 | N596: =K596-I596 -> 2.1371176 | O596: 21.25 | P596: 4.789 | Q596: =K596-P596 -> 2.054 | R596: 109.812 | S596: =(O596*T596) -> 140.4625 | T596: 6.61 | U596: 19458.3 | V596: 39.86 | W596: =U596/V596 -> 488.16608 | X596: =(W596/U596)*100 -> 2.5087807 | Y596: 16159.9 | Z596: 31.31 | AA596: =Y596/Z596 -> 516.12584 | AB596: =(AA596/Y596)*100 -> 3.1938678
A597: 661 | B597: 45671 | C597: 42461600 | D597: =C597/E597 -> 490743.72 | E597: 86.525 | F597: =D597/100000 -> 4.9074372 | G597: =(F597/DataSheet!$C$12*100) -> 130.48884 | H597: =K597/I597 -> 1.4573086 | I597: =(J597/L597)*100 -> 4.6860356 | J597: =L597/O597 -> 1086.038 | K597: 6.829 | L597: 23176.05 | M597: 3.46 | N597: =K597-I597 -> 2.1429644 | O597: 21.34 | P597: 4.792 | Q597: =K597-P597 -> 2.037 | R597: 109.11 | S597: =(O597*T597) -> 141.2708 | T597: 6.62 | U597: 19883.35 | V597: 40.72 | W597: =U597/V597 -> 488.29445 | X597: =(W597/U597)*100 -> 2.4557957 | Y597: 16422.75 | Z597: 31.84 | AA597: =Y597/Z597 -> 515.78989 | AB597: =(AA597/Y597)*100 -> 3.1407035
A598: 662 | B598: 45672 | C598: 42573737 | D598: =C598/E598 -> 492865.67 | E598: 86.38 | F598: =D598/100000 -> 4.9286567 | G598: =(F598/DataSheet!$C$12*100) -> 131.05306 | H598: =K598/I598 -> 1.4559381 | I598: =(J598/L598)*100 -> 4.6794572 | J598: =L598/O598 -> 1086.2518 | K598: 6.813 | L598: 23213.2 | M598: 3.46 | N598: =K598-I598 -> 2.1335428 | O598: 21.37 | P598: 4.654 | Q598: =K598-P598 -> 2.159 | R598: 108.916 | S598: =(O598*T598) -> 141.042 | T598: 6.6 | U598: 19955.4 | V598: 40.86 | W598: =U598/V598 -> 488.38473 | X598: =(W598/U598)*100 -> 2.4473813 | Y598: 16508.9 | Z598: 31.98 | AA598: =Y598/Z598 -> 516.22577 | AB598: =(AA598/Y598)*100 -> 3.1269543
A599: 663 | B599: 45673 | C599: 42980830 | D599: =C599/E599 -> 496486.42 | E599: 86.57 | F599: =D599/100000 -> 4.9648642 | G599: =(F599/DataSheet!$C$12*100) -> 132.01582 | H599: =K599/I599 -> 1.4494084 | I599: =(J599/L599)*100 -> 4.6598322 | J599: =L599/O599 -> 1086.2908 | K599: 6.754 | L599: 23311.8 | M599: 3.48 | N599: =K599-I599 -> 2.0941678 | O599: 21.46 | P599: 4.611 | Q599: =K599-P599 -> 2.143 | R599: 108.817 | S599: =(O599*T599) -> 141.4214 | T599: 6.59 | U599: 20172.65 | V599: 41.27 | W599: =U599/V599 -> 488.79695 | X599: =(W599/U599)*100 -> 2.4230676 | Y599: 16707.9 | Z599: 32.68 | AA599: =Y599/Z599 -> 511.25765 | AB599: =(AA599/Y599)*100 -> 3.0599755
... A649: 713 | B649: 45744 | C649: 41375586 | D649: =C649/E649 -> 483732.62 | E649: 85.534 | F649: =D649/100000 -> 4.8373262 | G649: =(F649/DataSheet!$C$12*100) -> 128.62458 | H649: =K649/I649 -> 1.406146 | I649: =(J649/L649)*100 -> 4.6794572 | J649: =L649/O649 -> 1100.5779 | K649: 6.58 | L649: 23519.35 | M649: 3.48 | N649: =K649-I649 -> 1.9005428 | O649: 21.37 | P649: 4.251 | Q649: =K649-P649 -> 2.329 | R649: 103.709 | S649: =(O649*T649) -> 135.6995 | T649: 6.35 | U649: 19120.35 | V649: 33.71 | W649: =U649/V649 -> 567.20113 | X649: =(W649/U649)*100 -> 2.9664788 | Y649: 15104.05 | Z649: 29.42 | AA649: =Y649/Z649 -> 513.39395 | AB649: =(AA649/Y649)*100 -> 3.3990483

Sheet MarketcapGDP
B1: Trillion Economy | C1: 47208 | D1: 5 | E1: Yield 10yr | F1: 7.245 | G1: Earning Yield | H1: =(M17/O17)*100 -> 4.8391867
B2: Trillion Economy | C2: 49034 | D2: 10 | E2: EPS | F2: 858.5
B3: Trillion Economy | C3: 50495 | D3: 15 | E3: Nifty | F3: 17759.3
B4: Present | C4: MCAP | D4: 27395003 | E4: https://www.bseindia.com/markets/equity/eqreports/topmarketcapitalization.aspx
C5: Trillion | D5: 273.95002
B6: Rate | C6: USD/INR | D6: 79.86 | E6: https://in.investing.com/
C7: US $ | D7: =D4/D6 -> 343037.85
C8: Trillion | D8: 3.4303785 | E8: 3549.92 | F8: =E8/1000 -> 3.54992 | G8: 45291
B9: GDP | C9: USD Billion | D9: 3386 | E9: https://tradingeconomics.com/india/gdp | H9: 3386 | I9: GDP | J9: 44896 | K9: =(K10/1000) -> 3.732
C10: Trillion | D10: =(D9/1000) -> 3.386 | E10: =((D10*7.2)/100)+D10 -> 3.629792 | F10: 3.75 | G10: finance Minister | H10: =(H9/1000) -> 3.386 | I10: =(J10/1000) -> 3.41665 | J10: 3416.65 | K10: 3732
A11: S.no | B11: Date | C11: Market Cap | D11: US $ | E11: USD/INR | F11: Trillion | G11: 47208 | H11: 49034 | I11: 50495 | J11: Market Cap to GDP | K11: BEER | L11: Nifty 50 Earning Yield | M11: NIFTY 50 EPS | N11: India 10Yr Yield | O11: Nifty 50 | P11: Price to Book | Q11: Yield Gap | R11: Nifty 50 pe | S11: US 10yr Bond | T11: India yr- US 10yr | U11: Dollar index | V11: PREITY Ratio | W11: 91 day T Bill | X11: Nifty Midcap 150 | Y11: Midcap 150 PE | Z11: Midcap EPS | AA11: Midcap Earning Yield | AB11: Nifty Smallcap 250 | AC11: Smallcap 250 PE | AD11: Smallcap EPS | AE11: Smallcap Earning Yield
A12: 1 | B12: 44795 | C12: 27395003 | D12: =C12/E12 -> 343037.85 | E12: 79.86 | F12: =D12/100000 -> 3.4303785 | G12: =(D1-F12)/F12*100 -> 45.75651 | H12: =(D2-F12)/F12*100 -> 191.51302 | I12: =(D3-F12)/F12*100 -> 337.26953 | J12: =F12/D10*100 -> 101.31065
A13: 2 | B13: 44796 | C13: 27528171 | D13: =C13/E13 -> 345007.78 | E13: 79.79 | F13: =D13/100000 -> 3.4500778 | G13: =(D1-F13)/F13*100 -> 44.924267 | H13: =(D2-F13)/F13*100 -> 189.84853 | I13: =(D3-F13)/F13*100 -> 334.7728 | J13: =F13/D10*100 -> 101.89243
A14: 3 | B14: 44797 | C14: 27616281 | D14: =C14/E14 -> 345860.65 | E14: 79.848 | F14: =D14/100000 -> 3.4586065 | G14: =(D1-F14)/F14*100 -> 44.566894 | H14: =(D2-F14)/F14*100 -> 189.13379 | I14: =(D3-F14)/F14*100 -> 333.70068 | J14: =F14/D10*100 -> 102.14432
A15: 4 | B15: 44798 | C15: 27584524 | D15: =C15/E15 -> 345471.59 | E15: 79.846 | F15: =D15/100000 -> 3.4547159 | G15: =(D1-F15)/F15*100 -> 44.729702 | H15: =(D2-F15)/F15*100 -> 189.4594 | I15: =(D3-F15)/F15*100 -> 334.18911 | J15: =F15/D10*100 -> 102.02941
A16: 5 | B16: 44799 | C16: 27696112 | D16: =C16/E16 -> 345829.63 | E16: 80.086 | F16: =D16/100000 -> 3.4582963 | G16: =(D1-F16)/F16*100 -> 44.579862 | H16: =(D2-F16)/F16*100 -> 189.15972 | I16: =(D3-F16)/F16*100 -> 333.73959 | J16: =F16/D10*100 -> 102.13515
A17: 6 | B17: 44802 | C17: 27456316 | D17: =C17/E17 -> 343221.11 | E17: 79.996 | F17: =D17/100000 -> 3.4322111 | G17: =(D1-F17)/F17*100 -> 45.678683 | H17: =(D2-F17)/F17*100 -> 191.35737 | I17: =(D3-F17)/F17*100 -> 337.03605 | J17: =F17/D10*100 -> 101.36477 | K17: =N17/L17 -> 1.4971524 | L17: =(M17/O17)*100 -> 4.8391867 | M17: 837.76 | N17: 7.245 | O17: 17312 | P17: 4.05 | Q17: =N17-L17 -> 2.4058133
A18: 7 | B18: 44803 | C18: 28024622 | D18: =C18/E18 -> 352422.31 | E18: 79.52 | F18: =D18/100000 -> 3.5242231 | G18: =(D1-F18)/F18*100 -> 41.875241 | H18: =(D2-F18)/F18*100 -> 183.75048 | I18: =(D3-F18)/F18*100 -> 325.62572 | J18: =F18/D10*100 -> 104.08219 | K18: =N18/L18 -> 1.523964 | L18: =(M18/O18)*100 -> 4.717303 | M18: 837.76 | N18: 7.189 | O18: 17759.3 | P18: 4.12 | Q18: =N18-L18 -> 2.471697
A19: 8 | B19: 44805 | C19: 27875475 | D19: =C19/E19 -> 350150.42 | E19: 79.61 | F19: =D19/100000 -> 3.5015042 | G19: =(D1-F19)/F19*100 -> 42.795773 | H19: =(D2-F19)/F19*100 -> 185.59155 | I19: =(D3-F19)/F19*100 -> 328.38732 | J19: =F19/D10*100 -> 103.41123 | K19: =N19/L19 -> 1.5108301 | L19: =(M19/O19)*100 -> 4.7755204 | M19: 837.76 | N19: 7.215 | O19: 17542.8 | P19: 4.07 | Q19: =N19-L19 -> 2.4394796
A20: 9 | B20: 44806 | C20: 27846733 | D20: =C20/E20 -> 348781.73 | E20: 79.84 | F20: =D20/100000 -> 3.4878173 | G20: =(D1-F20)/F20*100 -> 43.356134 | H20: =(D2-F20)/F20*100 -> 186.71227 | I20: =(D3-F20)/F20*100 -> 330.0684 | J20: =F20/D10*100 -> 103.00701 | K20: =N20/L20 -> 1.5147288 | L20: =(M20/O20)*100 -> 4.7764326 | M20: 837.76 | N20: 7.235 | O20: 17539.45 | P20: 4.07 | Q20: =N20-L20 -> 2.4585674
A21: 10 | B21: 44809 | C21: 27982150 | D21: =C21/E21 -> 350697.46 | E21: 79.79 | F21: =D21/100000 -> 3.5069746 | G21: =(D1-F21)/F21*100 -> 42.573033 | H21: =(D2-F21)/F21*100 -> 185.14607 | I21: =(D3-F21)/F21*100 -> 327.7191 | J21: =F21/D10*100 -> 103.57279 | K21: =N21/L21 -> 1.5210502 | L21: =(M21/O21)*100 -> 4.746063 | M21: 838.43 | N21: 7.219 | O21: 17665.8 | P21: 4.1 | Q21: =N21-L21 -> 2.472937
A22: 11 | B22: 44810 | C22: 28036303 | D22: =C22/E22 -> 351389.36 | E22: 79.787 | F22: =D22/100000 -> 3.5138936 | G22: =(D1-F22)/F22*100 -> 42.292299 | H22: =(D2-F22)/F22*100 -> 184.5846 | I22: =(D3-F22)/F22*100 -> 326.8769 | J22: =F22/D10*100 -> 103.77713 | K22: =N22/L22 -> 1.5121699 | L22: =(M22/O22)*100 -> 4.7488049 | M22: 838.43 | N22: 7.181 | O22: 17655.6 | P22: 4.1 | Q22: =N22-L22 -> 2.4321951
A23: 12 | B23: 44811 | C23: 28089962 | D23: =C23/E23 -> 351563.98 | E23: 79.9 | F23: =D23/100000 -> 3.5156398 | G23: =(D1-F23)/F23*100 -> 42.221624 | H23: =(D2-F23)/F23*100 -> 184.44325 | I23: =(D3-F23)/F23*100 -> 326.66487 | J23: =F23/D10*100 -> 103.8287 | K23: =N23/L23 -> 1.5115165 | L23: =(M23/O23)*100 -> 4.7528426 | M23: 837.66 | N23: 7.184 | O23: 17624.4 | P23: 4.1 | Q23: =N23-L23 -> 2.4311574
A24: 13 | B24: 44812 | C24: 28279904 | D24: =C24/E24 -> 354829.41 | E24: 79.7 | F24: =D24/100000 -> 3.5482941 | G24: =(D1-F24)/F24*100 -> 40.912782 | H24: =(D2-F24)/F24*100 -> 181.82556 | I24: =(D3-F24)/F24*100 -> 322.73835 | J24: =F24/D10*100 -> 104.79309 | K24: =N24/L24 -> 1.5162024 | L24: =(M24/O24)*100 -> 4.7058361 | M24: 837.58 | N24: 7.135 | O24: 17798.75 | P24: 4.13 | Q24: =N24-L24 -> 2.4291639
A25: 14 | B25: 44813 | C25: 28301067 | D25: =C25/E25 -> 355719.8 | E25: 79.56 | F25: =D25/100000 -> 3.557198 | G25: =(D1-F25)/F25*100 -> 40.560071 | H25: =(D2-F25)/F25*100 -> 181.12014 | I25: =(D3-F25)/F25*100 -> 321.68021 | J25: =F25/D10*100 -> 105.05605 | K25: =N25/L25 -> 1.5262978 | L25: =(M25/O25)*100 -> 4.6969863 | M25: 837.63 | N25: 7.169 | O25: 17833.35 | P25: 4.13 | Q25: =N25-L25 -> 2.4720137
A26: 15 | B26: 44816 | C26: 28526694 | D26: =C26/E26 -> 358015.74 | E26: 79.68 | F26: =D26/100000 -> 3.5801574 | G26: =(D1-F26)/F26*100 -> 39.658665 | H26: =(D2-F26)/F26*100 -> 179.31733 | I26: =(D3-F26)/F26*100 -> 318.97599 | J26: =F26/D10*100 -> 105.73412 | K26: =N26/L26 -> 1.538319 | L26: =(M26/O26)*100 -> 4.6706827 | M26: 837.75 | N26: 7.185 | O26: 17936.35 | P26: 4.16 | Q26: =N26-L26 -> 2.5143173
A27: 16 | B27: 44817 | C27: 28671194 | D27: =C27/E27 -> 360870.91 | E27: 79.45 | F27: =D27/100000 -> 3.6087091 | G27: =(D1-F27)/F27*100 -> 38.5537 | H27: =(D2-F27)/F27*100 -> 177.1074 | I27: =(D3-F27)/F27*100 -> 315.6611 | J27: =F27/D10*100 -> 106.57735 | K27: =N27/L27 -> 1.5334111 | L27: =(M27/O27)*100 -> 4.6360691 | M27: 837.74 | N27: 7.109 | O27: 18070.05 | P27: 4.19 | Q27: =N27-L27 -> 2.4729309
A28: 17 | B28: 44818 | C28: 28594672 | D28: =C28/E28 -> 359907.77 | E28: 79.45 | F28: =D28/100000 -> 3.5990777 | G28: =(D1-F28)/F28*100 -> 38.924482 | H28: =(D2-F28)/F28*100 -> 177.84896 | I28: =(D3-F28)/F28*100 -> 316.77345 | J28: =F28/D10*100 -> 106.2929 | K28: =N28/L28 -> 1.5376157 | L28: =(M28/O28)*100 -> 4.6533083 | M28: 837.77 | N28: 7.155 | O28: 18003.75 | P28: 4.18 | Q28: =N28-L28 -> 2.5016917
A29: 18 | B29: 44819 | C29: 28587353 | D29: =C29/E29 -> 358058.03 | E29: 79.84 | F29: =D29/100000 -> 3.5805803 | G29: =(D1-F29)/F29*100 -> 39.64217 | H29: =(D2-F29)/F29*100 -> 179.28434 | I29: =(D3-F29)/F29*100 -> 318.92651 | J29: =F29/D10*100 -> 105.74661 | K29: =N29/L29 -> 1.5445917 | L29: =(M29/O29)*100 -> 4.6860282 | M29: 837.74 | N29: 7.238 | O29: 17877.4 | P29: 4.15 | Q29: =N29-L29 -> 2.5519718
A30: 19 | B30: 44820 | C30: 27968822 | D30: =C30/E30 -> 350838.21 | E30: 79.72 | F30: =D30/100000 -> 3.5083821 | G30: =(D1-F30)/F30*100 -> 42.515834 | H30: =(D2-F30)/F30*100 -> 185.03167 | I30: =(D3-F30)/F30*100 -> 327.5475 | J30: =F30/D10*100 -> 103.61436 | K30: =N30/L30 -> 1.5207817 | L30: =(M30/O30)*100 -> 4.777806 | M30: 837.59 | N30: 7.266 | O30: 17530.85 | P30: 4.07 | Q30: =N30-L30 -> 2.488194
A31: 20 | B31: 44823 | C31: 28060174 | D31: =C31/E31 -> 351895.84 | E31: 79.74 | F31: =D31/100000 -> 3.5189584 | G31: =(D1-F31)/F31*100 -> 42.087501 | H31: =(D2-F31)/F31*100 -> 184.175 | I31: =(D3-F31)/F31*100 -> 326.2625 | J31: =F31/D10*100 -> 103.92671 | K31: =N31/L31 -> 1.5315188 | L31: =(M31/O31)*100 -> 4.7527983 | M31: 837.55 | N31: 7.279 | O31: 17622.25 | P31: 4.09 | Q31: =N31-L31 -> 2.5262017
A32: 21 | B32: 44824 | C32: 28342214 | D32: =C32/E32 -> 355611.22 | E32: 79.7 | F32: =D32/100000 -> 3.5561122 | G32: =(D1-F32)/F32*100 -> 40.602989 | H32: =(D2-F32)/F32*100 -> 181.20598 | I32: =(D3-F32)/F32*100 -> 321.80897 | J32: =F32/D10*100 -> 105.02399 | K32: =N32/L32 -> 1.5518655 | L32: =(M32/O32)*100 -> 4.7014383 | M32: 837.62 | N32: 7.296 | O32: 17816.25 | P32: 4.13 | Q32: =N32-L32 -> 2.5945617
A33: 22 | B33: 44825 | C33: 28117658 | D33: =C33/E33 -> 351778.53 | E33: 79.93 | F33: =D33/100000 -> 3.5177853 | G33: =(D1-F33)/F33*100 -> 42.134882 | H33: =(D2-F33)/F33*100 -> 184.26976 | I33: =(D3-F33)/F33*100 -> 326.40465 | J33: =F33/D10*100 -> 103.89206 | K33: =N33/L33 -> 1.5355029 | L33: =(M33/O33)*100 -> 4.7280926 | M33: 837.74 | N33: 7.26 | O33: 17718.35 | P33: 4.11 | Q33: =N33-L33 -> 2.5319074
A34: 23 | B34: 44826 | C34: 28154729 | D34: =C34/E34 -> 348104.96 | E34: 80.88 | F34: =D34/100000 -> 3.4810496 | G34: =(D1-F34)/F34*100 -> 43.63484 | H34: =(D2-F34)/F34*100 -> 187.26968 | I34: =(D3-F34)/F34*100 -> 330.90452 | J34: =F34/D10*100 -> 102.80713 | K34: =N34/L34 -> 1.5225468 | L34: =(M34/O34)*100 -> 4.7505927 | M34: 837.52 | N34: 7.233 | O34: 17629.8 | P34: 4.09 | Q34: =N34-L34 -> 2.4824073
A35: 24 | B35: 44827 | C35: 27664567 | D35: =C35/E35 -> 341285.06 | E35: 81.06 | F35: =D35/100000 -> 3.4128506 | G35: =(D1-F35)/F35*100 -> 46.505094 | H35: =(D2-F35)/F35*100 -> 193.01019 | I35: =(D3-F35)/F35*100 -> 339.51528 | J35: =F35/D10*100 -> 100.79299 | K35: =N35/L35 -> 1.5296201 | L35: =(M35/O35)*100 -> 4.8332261 | M35: 837.47 | N35: 7.393 | O35: 17327.35 | P35: 4.02 | Q35: =N35-L35 -> 2.5597739
A36: 25 | B36: 44830 | C36: 27011460 | D36: =C36/E36 -> 331022.79 | E36: 81.6 | F36: =D36/100000 -> 3.3102279 | G36: =(D1-F36)/F36*100 -> 51.047 | H36: =(D2-F36)/F36*100 -> 202.094 | I36: =(D3-F36)/F36*100 -> 353.141 | J36: =F36/D10*100 -> 97.762196 | K36: =N36/L36 -> 1.4960501 | L36: =(M36/O36)*100 -> 4.923632 | M36: 837.82 | N36: 7.366 | O36: 17016.3 | P36: 3.95 | Q36: =N36-L36 -> 2.442368
A37: 26 | B37: 44831 | C37: 27016183 | D37: =C37/E37 -> 331202.44 | E37: 81.57 | F37: =D37/100000 -> 3.3120244 | G37: =(D1-F37)/F37*100 -> 50.965072 | H37: =(D2-F37)/F37*100 -> 201.93014 | I37: =(D3-F37)/F37*100 -> 352.89521 | J37: =F37/D10*100 -> 97.815251 | K37: =N37/L37 -> 1.4812962 | L37: =(M37/O37)*100 -> 4.926091 | M37: 837.8 | N37: 7.297 | O37: 17007.4 | P37: 3.95 | Q37: =N37-L37 -> 2.370909
A38: 27 | B38: 44832 | C38: 26842958 | D38: =C38/E38 -> 328474.77 | E38: 81.72 | F38: =D38/100000 -> 3.2847477 | G38: =($D$1-F38)/F38*100 -> 52.218694 | H38: =($D$2-F38)/F38*100 -> 204.43739 | I38: =(D3-F38)/F38*100 -> 356.65608 | J38: =F38/$D$10*100 -> 97.009677 | K38: =N38/L38 -> 1.4761329 | L38: =(M38/O38)*100 -> 4.9677099 | M38: =O38/R38 -> 837.48634 | N38: 7.333 | O38: 16858.6 | P38: 3.91 | Q38: =N38-L38 -> 2.3652901 | R38: 20.13 | S38: 3.707 | T38: =N38-S38 -> 3.626
A39: 28 | B39: 44833 | C39: 26814559 | D39: =C39/E39 -> 328006.84 | E39: 81.75 | F39: =D39/100000 -> 3.2800684 | G39: =($D$1-F39)/F39*100 -> 52.435847 | H39: =($D$2-F39)/F39*100 -> 204.87169 | I39: =($D$3-F39)/F39*100 -> 357.30754 | J39: =F39/$D$10*100 -> 96.871482 | K39: =N39/L39 -> 1.473872 | L39: =(M39/O39)*100 -> 4.9800797 | M39: =O39/R39 -> 837.55478 | N39: 7.34 | O39: 16818.1 | P39: 3.9 | Q39: =N39-L39 -> 2.3599203 | R39: 20.08 | S39: 3.82 | T39: =N39-S39 -> 3.52
A40: 29 | B40: 44834 | C40: 27186899 | D40: =C40/E40 -> 333950.36 | E40: 81.41 | F40: =D40/100000 -> 3.3395036 | G40: =($D$1-F40)/F40*100 -> 49.72285 | H40: =($D$2-F40)/F40*100 -> 199.4457 | I40: =($D$3-F40)/F40*100 -> 349.16855 | J40: =F40/$D$10*100 -> 98.626805 | K40: =N40/L40 -> 1.5259152 | L40: =(M40/O40)*100 -> 4.8449612 | M40: =O40/R40 -> 828.21463 | N40: 7.393 | O40: 17094.35 | P40: 4.02 | Q40: =N40-L40 -> 2.5480388 | R40: 20.64 | S40: 3.686 | T40: =N40-S40 -> 3.707
A41: 30 | B41: 44837 | C41: 26826421 | D41: =C41/E41 -> 327831.13 | E41: 81.83 | F41: =D41/100000 -> 3.2783113 | G41: =($D$1-F41)/F41*100 -> 52.51755 | H41: =($D$2-F41)/F41*100 -> 205.0351 | I41: =($D$3-F41)/F41*100 -> 357.55265 | J41: =F41/$D$10*100 -> 96.819588 | K41: =N41/L41 -> 1.523133 | L41: =(M41/O41)*100 -> 4.9043649 | M41: =O41/R41 -> 828.21726 | N41: 7.47 | O41: 16887.35 | P41: 3.97 | Q41: =N41-L41 -> 2.5656351 | R41: 20.39 | S41: 3.72 | T41: =N41-S41 -> 3.75
A42: 31 | B42: 44838 | C42: 27386547 | D42: =C42/E42 -> 335825.22 | E42: 81.55 | F42: =D42/100000 -> 3.3582522 | G42: =($D$1-F42)/F42*100 -> 48.88697 | H42: =($D$2-F42)/F42*100 -> 197.77394 | I42: =($D$3-F42)/F42*100 -> 346.66091 | J42: =F42/$D$10*100 -> 99.180515 | K42: =N42/L42 -> 1.5357132 | L42: =(M42/O42)*100 -> 4.7938639 | M42: =O42/R42 -> 828.10642 | N42: 7.362 | O42: 17274.3 | P42: 4.06 | Q42: =N42-L42 -> 2.5681361 | R42: 20.86 | S42: 3.57 | T42: =N42-S42 -> 3.792 | U42: 111.007
A43: 32 | B43: 44840 | C43: 27587301 | D43: =C43/E43 -> 335693.61 | E43: 82.18 | F43: =D43/100000 -> 3.3569361 | G43: =($D$1-F43)/F43*100 -> 48.945343 | H43: =($D$2-F43)/F43*100 -> 197.89069 | I43: =($D$3-F43)/F43*100 -> 346.83603 | J43: =F43/$D$10*100 -> 99.141645 | K43: =N43/L43 -> 1.5601222 | L43: =(M43/O43)*100 -> 4.7778309 | M43: =O43/R43 -> 828.08409 | N43: 7.454 | O43: 17331.8 | P43: 4.07 | Q43: =N43-L43 -> 2.6761691 | R43: 20.93 | S43: 3.781 | T43: =N43-S43 -> 3.673 | U43: 111.34
A44: 33 | B44: 44841 | C44: 27561547 | D44: =C44/E44 -> 335135.54 | E44: 82.24 | F44: =D44/100000 -> 3.3513554 | G44: =($D$1-F44)/F44*100 -> 49.193367 | H44: =($D$2-F44)/F44*100 -> 198.38673 | I44: =($D$3-F44)/F44*100 -> 347.5801 | J44: =F44/$D$10*100 -> 98.976829 | K44: =N44/L44 -> 1.559558 | L44: =(M44/O44)*100 -> 4.784689 | M44: =O44/R44 -> 828.45215 | N44: 7.462 | O44: 17314.65 | P44: 4.07 | Q44: =N44-L44 -> 2.677311 | R44: 20.9 | S44: 3.841 | T44: =N44-S44 -> 3.621 | U44: 111.987
A45: 34 | B45: 44844 | C45: 27427707 | D45: =C45/E45 -> 332658.67 | E45: 82.45 | F45: =D45/100000 -> 3.3265867 | G45: =($D$1-F45)/F45*100 -> 50.304216 | H45: =($D$2-F45)/F45*100 -> 200.60843 | I45: =($D$3-F45)/F45*100 -> 350.91265 | J45: =F45/$D$10*100 -> 98.245324 | K45: =N45/L45 -> 1.5571278 | L45: =(M45/O45)*100 -> 4.803074 | M45: =O45/R45 -> 828.09798 | N45: 7.479 | O45: 17241 | P45: 4.05 | Q45: =N45-L45 -> 2.675926 | R45: 20.82 | S45: 3.888 | T45: =N45-S45 -> 3.591 | U45: 113.11
A46: 35 | B46: 44845 | C46: 27011275 | D46: =C46/E46 -> 328684.29 | E46: 82.18 | F46: =D46/100000 -> 3.2868429 | G46: =($D$1-F46)/F46*100 -> 52.12166 | H46: =($D$2-F46)/F46*100 -> 204.24332 | I46: =($D$3-F46)/F46*100 -> 356.36498 | J46: =F46/$D$10*100 -> 97.071557 | K46: =N46/L46 -> 1.5236879 | L46: =(M46/O46)*100 -> 4.8756704 | M46: =O46/R46 -> 828.06192 | N46: 7.429 | O46: 16983.55 | P46: 3.99 | Q46: =N46-L46 -> 2.5533296 | R46: 20.51 | S46: 3.927 | T46: =N46-S46 -> 3.502 | U46: 112.875
A47: 36 | B47: 44846 | C47: 27164340 | D47: =C47/E47 -> 330064.88 | E47: 82.3 | F47: =D47/100000 -> 3.3006488 | G47: =($D$1-F47)/F47*100 -> 51.485366 | H47: =($D$2-F47)/F47*100 -> 202.97073 | I47: =($D$3-F47)/F47*100 -> 354.4561 | J47: =F47/$D$10*100 -> 97.479293 | K47: =N47/L47 -> 1.5368145 | L47: =(M47/O47)*100 -> 4.8379294 | M47: =O47/R47 -> 828.42767 | N47: 7.435 | O47: 17123.6 | P47: 4.02 | Q47: =N47-L47 -> 2.5970706 | R47: 20.67 | S47: 3.951 | T47: =N47-S47 -> 3.484 | U47: 113.082
A48: 37 | B48: 44847 | C48: 26985420 | D48: =C48/E48 -> 328369.68 | E48: 82.18 | F48: =D48/100000 -> 3.2836968 | G48: =($D$1-F48)/F48*100 -> 52.26741 | H48: =($D$2-F48)/F48*100 -> 204.53482 | I48: =($D$3-F48)/F48*100 -> 356.80223 | J48: =F48/$D$10*100 -> 96.97864 | K48: =N48/L48 -> 1.5237366 | L48: =(M48/O48)*100 -> 4.8709206 | M48: =O48/R48 -> 828.75548 | N48: 7.422 | O48: 17014.35 | P48: 4 | Q48: =N48-L48 -> 2.5510794 | R48: 20.53 | S48: 3.858 | T48: =N48-S48 -> 3.564 | U48: 112.675
A49: 38 | B49: 44848 | C49: 27028769 | D49: =C49/E49 -> 328457.52 | E49: 82.29 | F49: =D49/100000 -> 3.2845752 | G49: =($D$1-F49)/F49*100 -> 52.226689 | H49: =($D$2-F49)/F49*100 -> 204.45338 | I49: =($D$3-F49)/F49*100 -> 356.68007 | J49: =F49/$D$10*100 -> 97.004582 | K49: =N49/L49 -> 1.549278 | L49: =(M49/O49)*100 -> 4.8216008 | M49: =O49/R49 -> 828.62584 | N49: 7.47 | O49: 17185.7 | P49: 4.04 | Q49: =N49-L49 -> 2.6483992 | R49: 20.74 | S49: 3.948 | T49: =N49-S49 -> 3.522 | U49: 113.02
A50: 39 | B50: 44851 | C50: 27179781 | D50: =C50/E50 -> 330212.38 | E50: 82.31 | F50: =D50/100000 -> 3.3021238 | G50: =($D$1-F50)/F50*100 -> 51.417703 | H50: =($D$2-F50)/F50*100 -> 202.83541 | I50: =($D$3-F50)/F50*100 -> 354.25311 | J50: =F50/$D$10*100 -> 97.522853 | K50: =N50/L50 -> 1.546769 | L50: =(M50/O50)*100 -> 4.7938639 | M50: =O50/R50 -> 829.90412 | N50: 7.415 | O50: 17311.8 | P50: 4.07 | Q50: =N50-L50 -> 2.6211361 | R50: 20.86 | S50: 3.95 | T50: =N50-S50 -> 3.465 | U50: 112.83
A51: 40 | B51: 44852 | C51: 27447761 | D51: =C51/E51 -> 333306.14 | E51: 82.35 | F51: =D51/100000 -> 3.3330614 | G51: =($D$1-F51)/F51*100 -> 50.012236 | H51: =($D$2-F51)/F51*100 -> 200.02447 | I51: =($D$3-F51)/F51*100 -> 350.03671 | J51: =F51/$D$10*100 -> 98.436546 | K51: =N51/L51 -> 1.5589273 | L51: =(M51/O51)*100 -> 4.7641734 | M51: =O51/R51 -> 833.10862 | N51: 7.427 | O51: 17486.95 | P51: 4.11 | Q51: =N51-L51 -> 2.6628266 | R51: 20.99 | S51: 3.99 | T51: =N51-S51 -> 3.437 | U51: 112.078
A52: 41 | B52: 44853 | C52: 27457936 | D52: =C52/E52 -> 330818.51 | E52: 83 | F52: =D52/100000 -> 3.3081851 | G52: =($D$1-F52)/F52*100 -> 51.140275 | H52: =($D$2-F52)/F52*100 -> 202.28055 | I52: =($D$3-F52)/F52*100 -> 353.42083 | J52: =F52/$D$10*100 -> 97.701862 | K52: =N52/L52 -> 1.56599 | L52: =(M52/O52)*100 -> 4.7573739 | M52: =O52/R52 -> 833.12322 | N52: 7.45 | O52: 17512.25 | P52: 4.12 | Q52: =N52-L52 -> 2.6926261 | R52: 21.02 | S52: 4.098 | T52: =N52-S52 -> 3.352 | U52: 112.75
A53: 42 | B53: 44854 | C53: 27457936 | D53: =C53/E53 -> 332299.84 | E53: 82.63 | F53: =D53/100000 -> 3.3229984 | G53: =($D$1-F53)/F53*100 -> 50.466517 | H53: =($D$2-F53)/F53*100 -> 200.93303 | I53: =($D$3-F53)/F53*100 -> 351.39955 | J53: =F53/$D$10*100 -> 98.139351 | K53: =N53/L53 -> 1.5746562 | L53: =(M53/O53)*100 -> 4.7483381 | M53: =O53/R53 -> 833.99573 | N53: 7.477 | O53: 17563.95 | P53: 4.13 | Q53: =N53-L53 -> 2.7286619 | R53: 21.06 | S53: 4.12 | T53: =N53-S53 -> 3.357 | U53: 112.32
... A158: 147 | B158: 45007 | C158: 25904836 | D158: =C158/E158 -> 313998.01 | E158: 82.5 | F158: =D158/100000 -> 3.1399801 | G158: =($D$1-F158)/F158*100 -> 59.236676 | H158: =($D$2-F158)/F158*100 -> 218.47335 | I158: =($D$3-F158)/F158*100 -> 377.71003 | J158: =F158/$D$10*100 -> 92.734204 | K158: =N158/L158 -> 1.485435 | L158: =(M158/O158)*100 -> 4.9480455 | M158: =O158/R158 -> 848.68382 | N158: 7.35 | O158: 17151.9 | P158: 4.02 | Q158: =N158-L158 -> 2.4019545 | R158: 20.21 | S158: 3.45 | T158: =N158-S158 -> 3.9 | U158: 101.97
A159: 148 | B159: 45008 | C159: 25820158 | D159: =C159/E159 -> 313999.24 | E159: 82.23 | F159: =D159/100000 -> 3.1399924 | G159: =($D$1-F159)/F159*100 -> 59.236054 | H159: =($D$2-F159)/F159*100 -> 218.47211 | I159: =($D$3-F159)/F159*100 -> 377.70816 | J159: =F159/$D$10*100 -> 92.734566 | K159: =N159/L159 -> 1.476808 | L159: =(M159/O159)*100 -> 4.9701789 | M159: =O159/R159 -> 848.75249 | N159: 7.34 | O159: 17076.9 | P159: 4 | Q159: =N159-L159 -> 2.3698211 | R159: 20.12 | S159: 3.41 | T159: =N159-S159 -> 3.93 | U159: 102.2 | V159: =(R159*W159) -> 1.356088 | W159: 0.0674
A160: 149 | B160: 45009 | C160: 25564724 | D160: =C160/E160 -> 310515.3 | E160: 82.33 | F160: =D160/100000 -> 3.105153 | G160: =($D$1-F160)/F160*100 -> 61.022663 | H160: =($D$2-F160)/F160*100 -> 222.04533 | I160: =($D$3-F160)/F160*100 -> 383.06799 | J160: =F160/$D$10*100 -> 91.70564 | K160: =N160/L160 -> 1.459807 | L160: =(M160/O160)*100 -> 5.0075113 | M160: =O160/R160 -> 848.52529 | N160: 7.31 | O160: 16945.05 | P160: 3.97 | Q160: =N160-L160 -> 2.3024887 | R160: 19.97 | S160: 3.37 | T160: =N160-S160 -> 3.94 | U160: 102.76 | V160: =(R160*W160) -> 1.359957 | W160: 0.0681
A161: 150 | B161: 45012 | C161: 25359102 | D161: =C161/E161 -> 307868.18 | E161: 82.37 | F161: =D161/100000 -> 3.0786818 | G161: =($D$1-F161)/F161*100 -> 62.40717 | H161: =($D$2-F161)/F161*100 -> 224.81434 | I161: =($D$3-F161)/F161*100 -> 387.22151 | J161: =F161/$D$10*100 -> 90.923857 | K161: =N161/L161 -> 1.46 | L161: =(M161/O161)*100 -> 5 | M161: =O161/R161 -> 849.285 | N161: 7.3 | O161: 16985.7 | P161: 4 | Q161: =N161-L161 -> 2.3 | R161: 20 | S161: 3.47 | T161: =N161-S161 -> 3.83 | U161: 102.69 | V161: =(R161*W161) -> 1.378 | W161: 0.0689
A162: 151 | B162: 45013 | C162: 25301383 | D162: =C162/E162 -> 307915.1 | E162: 82.17 | F162: =D162/100000 -> 3.079151 | G162: =($D$1-F162)/F162*100 -> 62.382425 | H162: =($D$2-F162)/F162*100 -> 224.76485 | I162: =($D$3-F162)/F162*100 -> 387.14728 | J162: =F162/$D$10*100 -> 90.937713 | K162: =N162/L162 -> 1.461804 | L162: =(M162/O162)*100 -> 5.0075113 | M162: =O162/R162 -> 848.85829 | N162: 7.32 | O162: 16951.7 | P162: 3.97 | Q162: =N162-L162 -> 2.3124887 | R162: 19.97 | S162: 3.57 | T162: =N162-S162 -> 3.75 | U162: 102.1 | V162: =(R162*W162) -> 1.421864 | W162: 0.0712
A163: 152 | B163: 45014 | C163: 25576707 | D163: =C163/E163 -> 310698.58 | E163: 82.32 | F163: =D163/100000 -> 3.1069858 | G163: =($D$1-F163)/F163*100 -> 60.927673 | H163: =($D$2-F163)/F163*100 -> 221.85535 | I163: =($D$3-F163)/F163*100 -> 382.78302 | J163: =F163/$D$10*100 -> 91.759771 | K163: =N163/L163 -> 1.467477 | L163: =(M163/O163)*100 -> 4.9677099 | M163: =O163/R163 -> 848.51962 | N163: 7.29 | O163: 17080.7 | P163: 4 | Q163: =N163-L163 -> 2.3222901 | R163: 20.13 | S163: 3.59 | T163: =N163-S163 -> 3.7 | U163: 102.31 | V163: =(R163*W163) -> 1.405074 | W163: 0.0698
A164: 153 | B164: 45016 | C164: 25828864 | D164: =C164/E164 -> 314372.73 | E164: 82.16 | F164: =D164/100000 -> 3.1437273 | G164: =($D$1-F164)/F164*100 -> 59.046874 | H164: =($D$2-F164)/F164*100 -> 218.09375 | I164: =($D$3-F164)/F164*100 -> 377.14062 | J164: =F164/$D$10*100 -> 92.84487 | K164: =N164/L164 -> 1.494164 | L164: =(M164/O164)*100 -> 4.8923679 | M164: =O164/R164 -> 849.30284 | N164: 7.31 | O164: 17359.75 | P164: 4.05 | Q164: =N164-L164 -> 2.4176321 | R164: 20.44 | S164: 3.47 | T164: =N164-S164 -> 3.84 | U164: 102.18 | V164: =(R164*W164) -> 1.396052 | W164: 0.0683
A165: 154 | B165: 45019 | C165: 25981916 | D165: =C165/E165 -> 316120.16 | E165: 82.19 | F165: =D165/100000 -> 3.1612016 | G165: =($D$1-F165)/F165*100 -> 58.167706 | H165: =($D$2-F165)/F165*100 -> 216.33541 | I165: =($D$3-F165)/F165*100 -> 374.50312 | J165: =F165/$D$10*100 -> 93.360944 | K165: =N165/L165 -> 1.497088 | L165: =(M165/O165)*100 -> 4.8828125 | M165: =O165/R165 -> 849.51416 | N165: 7.31 | O165: 17398.05 | P165: 4.06 | Q165: =N165-L165 -> 2.4271875 | R165: 20.48 | S165: 3.41 | T165: =N165-S165 -> 3.9 | U165: 101.78 | V165: =(R165*W165) -> 1.400832 | W165: 0.0684
A166: 155 | B166: 45021 | C166: 26161744 | D166: =C166/E166 -> 318695.87 | E166: 82.09 | F166: =D166/100000 -> 3.1869587 | G166: =($D$1-F166)/F166*100 -> 56.889386 | H166: =($D$2-F166)/F166*100 -> 213.77877 | I166: =($D$3-F166)/F166*100 -> 370.66816 | J166: =F166/$D$10*100 -> 94.12164 | K166: =N166/L166 -> 1.502709 | L166: =(M166/O166)*100 -> 4.8379294 | M166: =O166/R166 -> 849.39768 | N166: 7.27 | O166: 17557.05 | P166: 4.1 | Q166: =N166-L166 -> 2.4320706 | R166: 20.67 | S166: 3.3 | T166: =N166-S166 -> 3.97 | U166: 101.54 | V166: =(R166*W166) -> 1.417962 | W166: 0.0686
A167: 156 | B167: 45022 | C167: 26265590 | D167: =C167/E167 -> 320624.88 | E167: 81.92 | F167: =D167/100000 -> 3.2062488 | G167: =($D$1-F167)/F167*100 -> 55.94548 | H167: =($D$2-F167)/F167*100 -> 211.89096 | I167: =($D$3-F167)/F167*100 -> 367.83644 | J167: =F167/$D$10*100 -> 94.691339 | K167: =N167/L167 -> 1.493912 | L167: =(M167/O167)*100 -> 4.8262548 | M167: =O167/R167 -> 849.37983 | N167: 7.21 | O167: 17599.15 | P167: 4.12 | Q167: =N167-L167 -> 2.3837452 | R167: 20.72 | S167: 3.3 | T167: =N167-S167 -> 3.91 | U167: 101.51 | V167: =(R167*W167) -> 1.392384 | W167: 0.0672
A168: 157 | B168: 45026 | C168: 26341480 | D168: =C168/E168 -> 321315.94 | E168: 81.98 | F168: =D168/100000 -> 3.2131594 | G168: =($D$1-F168)/F168*100 -> 55.610084 | H168: =($D$2-F168)/F168*100 -> 211.22017 | I168: =($D$3-F168)/F168*100 -> 366.83025 | J168: =F168/$D$10*100 -> 94.895433 | K168: =N168/L168 -> 1.49815 | L168: =(M168/O168)*100 -> 4.8192771 | M168: =O168/R168 -> 849.35181 | N168: 7.22 | O168: 17624.05 | P168: 4.13 | Q168: =N168-L168 -> 2.4007229 | R168: 20.75 | S168: 3.41 | T168: =N168-S168 -> 3.81 | U168: 102.22 | V168: =(R168*W168) -> 1.396475 | W168: 0.0673
A169: 158 | B169: 45027 | C169: 26478054 | D169: =C169/E169 -> 322745.66 | E169: 82.04 | F169: =D169/100000 -> 3.2274566 | G169: =($D$1-F169)/F169*100 -> 54.920749 | H169: =($D$2-F169)/F169*100 -> 209.8415 | I169: =($D$3-F169)/F169*100 -> 364.76225 | J169: =F169/$D$10*100 -> 95.31768 | K169: =N169/L169 -> 1.506092 | L169: =(M169/O169)*100 -> 4.7938639 | M169: =O169/R169 -> 849.58293 | N169: 7.22 | O169: 17722.3 | P169: 4.15 | Q169: =N169-L169 -> 2.4261361 | R169: 20.86 | S169: 3.43 | T169: =N169-S169 -> 3.79 | U169: 101.88 | V169: =(R169*W169) -> 1.39762 | W169: 0.067
A170: 159 | B170: 45028 | C170: 26594726 | D170: =C170/E170 -> 324603.02 | E170: 81.93 | F170: =D170/100000 -> 3.2460302 | G170: =($D$1-F170)/F170*100 -> 54.034302 | H170: =($D$2-F170)/F170*100 -> 208.0686 | I170: =($D$3-F170)/F170*100 -> 362.10291 | J170: =F170/$D$10*100 -> 95.866221 | K170: =N170/L170 -> 1.511937 | L170: =(M170/O170)*100 -> 4.7687172 | M170: =O170/R170 -> 849.42299 | N170: 7.21 | O170: 17812.4 | P170: 4.17 | Q170: =N170-L170 -> 2.4412828 | R170: 20.97 | S170: 3.4 | T170: =N170-S170 -> 3.81 | U170: 101.17 | V170: =(R170*W170) -> 1.402893 | W170: 0.0669
... A234: 223 | B234: 45121 | C234: 30388031 | D234: =C234/E234 -> 370405.06 | E234: 82.04 | F234: =D234/100000 -> 3.7040506 | G234: =($D$1-F234)/F234*100 -> 34.987358 | H234: =($D$2-F234)/F234*100 -> 169.97472 | I234: =($D$3-F234)/F234*100 -> 304.96207 | J234: =F234/$D$10*100 -> 109.39311 | K234: =N234/L234 -> 1.696368 | L234: =(M234/O234)*100 -> 4.1736227 | M234: =O234/R234 -> 816.54841 | N234: 7.08 | O234: 19564.5 | P234: 4.78 | Q234: =N234-L234 -> 2.9063773 | R234: 23.96 | S234: 3.83 | T234: =N234-S234 -> 3.25 | U234: 99.6 | V234: =(R234*W234) -> 1.602924 | W234: 0.0669
A235: 224 | B235: 45124 | C235: 30876495 | D235: =C235/E235 -> 376267.31 | E235: 82.06 | F235: =D235/100000 -> 3.7626731 | G235: =($D$1-F235)/F235*100 -> 32.884253 | H235: =($D$2-F235)/F235*100 -> 165.76851 | I235: =($D$3-F235)/F235*100 -> 298.65276 | J235: =F235/$F$10*100 -> 100.33795 | K235: =N235/L235 -> 1.706698 | L235: =(M235/O235)*100 -> 4.1425021 | M235: =O235/R235 -> 816.54722 | N235: 7.07 | O235: 19711.45 | P235: 4.82 | Q235: =N235-L235 -> 2.9274979 | R235: 24.14 | S235: 3.79 | T235: =N235-S235 -> 3.28 | U235: 99.52 | V235: =(R235*W235) -> 1.619794 | W235: 0.0671
A236: 225 | B236: 45125 | C236: 30843536 | D236: =C236/E236 -> 375865.66 | E236: 82.06 | F236: =D236/100000 -> 3.7586566 | G236: =($D$1-F236)/F236*100 -> 33.026252 | H236: =($D$2-F236)/F236*100 -> 166.0525 | I236: =($D$3-F236)/F236*100 -> 299.07876 | J236: =F236/$F$10*100 -> 100.23084 | K236: =N236/L236 -> 1.70469 | L236: =(M236/O236)*100 -> 4.1356493 | M236: =O236/R236 -> 816.75972 | N236: 7.05 | O236: 19749.25 | P236: 4.83 | Q236: =N236-L236 -> 2.9143507 | R236: 24.18 | S236: 3.78 | T236: =N236-S236 -> 3.27 | U236: 99.62 | V236: =(R236*W236) -> 1.624896 | W236: 0.0672
A237: 226 | B237: 45126 | C237: 30991402 | D237: =C237/E237 -> 377713.62 | E237: 82.05 | F237: =D237/100000 -> 3.7771362 | G237: =($D$1-F237)/F237*100 -> 32.375423 | H237: =($D$2-F237)/F237*100 -> 164.75085 | I237: =($D$3-F237)/F237*100 -> 297.12627 | J237: =F237/$F$10*100 -> 100.72363 | K237: =N237/L237 -> 1.703163 | L237: =(M237/O237)*100 -> 4.1511 | M237: =O237/R237 -> 823.2939 | N237: 7.07 | O237: 19833.15 | P237: 4.85 | Q237: =N237-L237 -> 2.9189 | R237: 24.09 | S237: 3.74 | T237: =N237-S237 -> 3.33 | U237: 99.98 | V237: =(R237*W237) -> 1.611621 | W237: 0.0669
A238: 227 | B238: 45127 | C238: 30943571 | D238: =C238/E238 -> 377038.76 | E238: 82.07 | F238: =D238/100000 -> 3.7703876 | G238: =($D$1-F238)/F238*100 -> 32.61236 | H238: =($D$2-F238)/F238*100 -> 165.22472 | I238: =($D$3-F238)/F238*100 -> 297.83708 | J238: =F238/$F$10*100 -> 100.54367 | K238: =N238/L238 -> 1.716192 | L238: =(M238/O238)*100 -> 4.1254125 | M238: =O238/R238 -> 824.22236 | N238: 7.08 | O238: 19979.15 | P238: 4.88 | Q238: =N238-L238 -> 2.9545875 | R238: 24.24 | S238: 3.85 | T238: =N238-S238 -> 3.23 | U238: 100.59 | V238: =(R238*W238) -> 1.62408 | W238: 0.067
A239: 228 | B239: 45128 | C239: 30749353 | D239: =C239/E239 -> 375083.59 | E239: 81.98 | F239: =D239/100000 -> 3.7508359 | G239: =($D$1-F239)/F239*100 -> 33.303617 | H239: =($D$2-F239)/F239*100 -> 166.60723 | I239: =($D$3-F239)/F239*100 -> 299.91085 | J239: =F239/$F$10*100 -> 100.02229 | K239: =N239/L239 -> 1.69566 | L239: =(M239/O239)*100 -> 4.1753653 | M239: =O239/R239 -> 824.42589 | N239: 7.08 | O239: 19745 | P239: 4.82 | Q239: =N239-L239 -> 2.9046347 | R239: 23.95 | S239: 3.83 | T239: =N239-S239 -> 3.25 | U239: 100.79 | V239: =(R239*W239) -> 1.60944 | W239: 0.0672
A240: 229 | B240: 45131 | C240: 30712582 | D240: =C240/E240 -> 375505.34 | E240: 81.79 | F240: =D240/100000 -> 3.7550534 | G240: =($D$1-F240)/F240*100 -> 33.153897 | H240: =($D$2-F240)/F240*100 -> 166.30779 | I240: =($D$3-F240)/F240*100 -> 299.46169 | J240: =F240/$F$10*100 -> 100.13476 | K240: =N240/L240 -> 1.684781 | L240: =(M240/O240)*100 -> 4.1963911 | M240: =O240/R240 -> 825.52875 | N240: 7.07 | O240: 19672.35 | P240: 4.81 | Q240: =N240-L240 -> 2.8736089 | R240: 23.83 | S240: 3.87 | T240: =N240-S240 -> 3.2 | U240: 101.08 | V240: =(R240*W240) -> 1.598993 | W240: 0.0671
A241: 230 | B241: 45132 | C241: 30783476 | D241: =C241/E241 -> 376096.22 | E241: 81.85 | F241: =D241/100000 -> 3.7609622 | G241: =($D$1-F241)/F241*100 -> 32.944702 | H241: =($D$2-F241)/F241*100 -> 165.8894 | I241: =($D$3-F241)/F241*100 -> 298.8341 | J241: =F241/$F$10*100 -> 100.29233 | K241: =N241/L241 -> 1.67205 | L241: =(M241/O241)*100 -> 4.2462845 | M241: =O241/R241 -> 835.69427 | N241: 7.1 | O241: 19680.6 | P241: 4.81 | Q241: =N241-L241 -> 2.8537155 | R241: 23.55 | S241: 3.89 | T241: =N241-S241 -> 3.21 | U241: 101.09 | V241: =(R241*W241) -> 1.580205 | W241: 0.0671
A242: 231 | B242: 45133 | C242: 30912840 | D242: =C242/E242 -> 377215.86 | E242: 81.95 | F242: =D242/100000 -> 3.7721586 | G242: =($D$1-F242)/F242*100 -> 32.550099 | H242: =($D$2-F242)/F242*100 -> 165.1002 | I242: =($D$3-F242)/F242*100 -> 297.6503 | J242: =F242/$F$10*100 -> 100.5909 | K242: =N242/L242 -> 1.699473 | L242: =(M242/O242)*100 -> 4.1718815 | M242: =O242/R242 -> 825.12724 | N242: 7.09 | O242: 19778.3 | P242: 4.83 | Q242: =N242-L242 -> 2.9181185 | R242: 23.97 | S242: 3.87 | T242: =N242-S242 -> 3.22 | U242: 100.63 | V242: =(R242*W242) -> 1.610784 | W242: 0.0672
A243: 232 | B243: 45134 | C243: 30864777 | D243: =C243/E243 -> 375712.44 | E243: 82.15 | F243: =D243/100000 -> 3.7571244 | G243: =($D$1-F243)/F243*100 -> 33.080502 | H243: =($D$2-F243)/F243*100 -> 166.161 | I243: =($D$3-F243)/F243*100 -> 299.24151 | J243: =F243/$F$10*100 -> 100.18998 | K243: =N243/L243 -> 1.696696 | L243: =(M243/O243)*100 -> 4.1963911 | M243: =O243/R243 -> 825.00629 | N243: 7.12 | O243: 19659.9 | P243: 4.8 | Q243: =N243-L243 -> 2.9236089 | R243: 23.83 | S243: 4 | T243: =N243-S243 -> 3.12 | U243: 101.54 | V243: =(R243*W243) -> 1.59661 | W243: 0.067
A244: 233 | B244: 45135 | C244: 30938760 | D244: =C244/E244 -> 376292.38 | E244: 82.22 | F244: =D244/100000 -> 3.7629238 | G244: =($D$1-F244)/F244*100 -> 32.875398 | H244: =($D$2-F244)/F244*100 -> 165.7508 | I244: =($D$3-F244)/F244*100 -> 298.6262 | J244: =F244/$F$10*100 -> 100.34463 | K244: =N244/L244 -> 1.640356 | L244: =(M244/O244)*100 -> 4.3649062 | M244: =O244/R244 -> 857.53165 | N244: 7.16 | O244: 19646.05 | P244: 4.8 | Q244: =N244-L244 -> 2.7950938 | R244: 22.91 | S244: 3.95 | T244: =N244-S244 -> 3.21 | U244: 101.39 | V244: =(R244*W244) -> 1.539552 | W244: 0.0672
A245: 234 | B245: 45138 | C245: 31183704 | D245: =C245/E245 -> 379179.28 | E245: 82.24 | F245: =D245/100000 -> 3.7917928 | G245: =($D$1-F245)/F245*100 -> 31.863745 | H245: =($D$2-F245)/F245*100 -> 163.72749 | I245: =($D$3-F245)/F245*100 -> 295.59124 | J245: =F245/$F$10*100 -> 101.11447 | K245: =N245/L245 -> 1.649817 | L245: =(M245/O245)*100 -> 4.3459365 | M245: =O245/R245 -> 858.48761 | N245: 7.17 | O245: 19753.8 | P245: 4.83 | Q245: =N245-L245 -> 2.8240635 | R245: 23.01 | S245: 3.96 | T245: =N245-S245 -> 3.21 | U245: 101.62 | V245: =(R245*W245) -> 1.546272 | W245: 0.0672
A246: 235 | B246: 45139 | C246: 31205317 | D246: =C246/E246 -> 378981.27 | E246: 82.34 | F246: =D246/100000 -> 3.7898127 | G246: =($D$1-F246)/F246*100 -> 31.932643 | H246: =($D$2-F246)/F246*100 -> 163.86529 | I246: =($D$3-F246)/F246*100 -> 295.79793 | J246: =F246/$F$10*100 -> 101.06167 | K246: =N246/L246 -> 1.64164 | L246: =(M246/O246)*100 -> 4.3554007 | M246: =O246/R246 -> 859.47517 | N246: 7.15 | O246: 19733.55 | P246: 4.82 | Q246: =N246-L246 -> 2.7945993 | R246: 22.96 | S246: 4.03 | T246: =N246-S246 -> 3.12 | U246: 102.08 | V246: =(R246*W246) -> 1.540616 | W246: 0.0671
... A391: 388 | B391: 45351 | C391: 39329610 | D391: =C391/E391 -> 474422.31 | E391: 82.9 | F391: =D391/100000 -> 4.7442231 | G391: =($D$1-F391)/F391*100 -> 5.3913335 | H391: =($D$2-F391)/F391*100 -> 110.78267 | I391: =($D$3-F391)/F391*100 -> 216.174 | J391: =F391/$F$10*100 -> 126.51262 | K391: =N391/L391 -> 1.60489 | L391: =(M391/O391)*100 -> 4.4052863 | M391: =O391/R391 -> 968.40529 | N391: 7.07 | O391: 21982.8 | P391: 3.85 | Q391: =N391-L391 -> 2.6647137 | R391: 22.7 | S391: 4.25 | T391: =N391-S391 -> 2.82 | U391: 104.09 | V391: =(R391*W391) -> 1.5663 | W391: 0.069
A392: 389 | B392: 45352 | C392: 39763871 | D392: =C392/E392 -> 480008.1 | E392: 82.84 | F392: =D392/100000 -> 4.800081 | G392: =($D$1-F392)/F392*100 -> 4.1649091 | H392: =($D$2-F392)/F392*100 -> 108.32982 | I392: =($D$3-F392)/F392*100 -> 212.49473 | J392: =F392/$F$10*100 -> 128.00216 | K392: =N392/L392 -> 1.628036 | L392: =(M392/O392)*100 -> 4.3365134 | M392: =O392/R392 -> 968.7229 | N392: 7.06 | O392: 22338.75 | P392: 3.91 | Q392: =N392-L392 -> 2.7234866 | R392: 23.06 | S392: 4.18 | T392: =N392-S392 -> 2.88 | U392: 103.79 | V392: =(R392*W392) -> 1.59114 | W392: 0.069 | X392: 17974.65 | Y392: 27.17 | Z392: =X392/Y392 -> 661.56238 | AA392: =(Z392/X392)*100 -> 3.68053 | AB392: 15061.35 | AC392: 29.03 | AD392: =AB392/AC392 -> 518.82019 | AE392: =(AD392/AB392)*100 -> 3.4447124
A393: 390 | B393: 45353 | C393: 39922379 | D393: =C393/E393 -> 481921.53 | E393: 82.84 | F393: =D393/100000 -> 4.8192153 | G393: =($D$1-F393)/F393*100 -> 3.7513309 | H393: =($D$2-F393)/F393*100 -> 107.50266 | I393: =($D$3-F393)/F393*100 -> 211.25399 | J393: =F393/$F$10*100 -> 128.51241 | K393: =N393/L393 -> 1.63086 | L393: =(M393/O393)*100 -> 4.3290043 | M393: =O393/R393 -> 968.7619 | N393: 7.06 | O393: 22378.4 | P393: 3.92 | Q393: =N393-L393 -> 2.7309957 | R393: 23.1 | S393: 4.18 | T393: =N393-S393 -> 2.88 | U393: 103.79 | V393: =(R393*W393) -> 1.5939 | W393: 0.069 | X393: 18093 | Y393: 27.35 | Z393: =X393/Y393 -> 661.53565 | AA393: =(Z393/X393)*100 -> 3.6563071 | AB393: 15168.15 | AC393: 29.24 | AD393: =AB393/AC393 -> 518.74658 | AE393: =(AD393/AB393)*100 -> 3.4199726
A394: 391 | B394: 45355 | C394: 39889768 | D394: =C394/E394 -> 481121.31 | E394: 82.91 | F394: =D394/100000 -> 4.8112131 | G394: =($D$1-F394)/F394*100 -> 3.9238932 | H394: =($D$2-F394)/F394*100 -> 107.84779 | I394: =($D$3-F394)/F394*100 -> 211.77168 | J394: =F394/$F$10*100 -> 128.29902 | K394: =N394/L394 -> 1.632978 | L394: =(M394/O394)*100 -> 4.3233895 | M394: =O394/R394 -> 968.68137 | N394: 7.06 | O394: 22405.6 | P394: 3.92 | Q394: =N394-L394 -> 2.7366105 | R394: 23.13 | S394: 4.21 | T394: =N394-S394 -> 2.85 | U394: 103.77 | V394: =(R394*W394) -> 1.59597 | W394: 0.069 | X394: 18110.05 | Y394: 27.38 | Z394: =X394/Y394 -> 661.43353 | AA394: =(Z394/X394)*100 -> 3.6523009 | AB394: 15077.1 | AC394: 29.06 | AD394: =AB394/AC394 -> 518.82657 | AE394: =(AD394/AB394)*100 -> 3.4411562
A395: 392 | B395: 45356 | C395: 39810302 | D395: =C395/E395 -> 480278.71 | E395: 82.89 | F395: =D395/100000 -> 4.8027871 | G395: =($D$1-F395)/F395*100 -> 4.1062188 | H395: =($D$2-F395)/F395*100 -> 108.21244 | I395: =($D$3-F395)/F395*100 -> 212.31866 | J395: =F395/$F$10*100 -> 128.07432 | K395: =N395/L395 -> 1.62714 | L395: =(M395/O395)*100 -> 4.3327556 | M395: =O395/R395 -> 968.64385 | N395: 7.05 | O395: 22356.3 | P395: 3.92 | Q395: =N395-L395 -> 2.7172444 | R395: 23.08 | S395: 4.15 | T395: =N395-S395 -> 2.9 | U395: 103.75 | V395: =(R395*W395) -> 1.587904 | W395: 0.0688 | X395: 18065.2 | Y395: 27.31 | Z395: =X395/Y395 -> 661.48663 | AA395: =(Z395/X395)*100 -> 3.6616624 | AB395: 14979.6 | AC395: 28.87 | AD395: =AB395/AC395 -> 518.86387 | AE395: =(AD395/AB395)*100 -> 3.4638033
A396: 393 | B396: 45357 | C396: 39640109 | D396: =C396/E396 -> 478860.95 | E396: 82.78 | F396: =D396/100000 -> 4.7886095 | G396: =($D$1-F396)/F396*100 -> 4.4144443 | H396: =($D$2-F396)/F396*100 -> 108.82889 | I396: =($D$3-F396)/F396*100 -> 213.24333 | J396: =F396/$F$10*100 -> 127.69625 | K396: =N396/L396 -> 1.6356 | L396: =(M396/O396)*100 -> 4.3103448 | M396: =O396/R396 -> 968.70905 | N396: 7.05 | O396: 22474.05 | P396: 3.94 | Q396: =N396-L396 -> 2.7396552 | R396: 23.2 | S396: 4.1 | T396: =N396-S396 -> 2.95 | U396: 103.32 | V396: =(R396*W396) -> 1.6008 | W396: 0.069 | X396: 17950 | Y396: 27.14 | Z396: =X396/Y396 -> 661.38541 | AA396: =(Z396/X396)*100 -> 3.6845984 | AB396: 14684.2 | AC396: 28.3 | AD396: =AB396/AC396 -> 518.87633 | AE396: =(AD396/AB396)*100 -> 3.5335689
